Type,Line,Space,ID,Origin,InitialOrigin,Reference1,Reference2,Reference3,Tags,Roles,MaxUnauthorised,NumberReference1,NumberReference2,NumberReference3
Image,0,32,52998106-041f-4cfd-a668-2638efa1d37c,https://webdata.tudelft.nl/staff-umbrella/digitalcollections/library/kaartenkamer/waterstaatskaart/4e/geogegevens/09-Den-Helder-Oost.jpg,,waterstaatskaart,4,,,,-1,498,,
Image,1,32,978512eb-2731-4feb-b1fd-705fbb9cca47,https://webdata.tudelft.nl/staff-umbrella/digitalcollections/library/kaartenkamer/waterstaatskaart/4e/geogegevens/09-Den-Helder-West.jpg,,waterstaatskaart,4,,,,-1,499,,
Image,2,32,57824a7c-2866-4f46-9575-44acdd591630,https://webdata.tudelft.nl/staff-umbrella/digitalcollections/library/kaartenkamer/waterstaatskaart/4e/geogegevens/10-Sneek-West.jpg,,waterstaatskaart,4,,,,-1,500,,
Image,3,32,ab201787-9def-46c7-8c1b-a17ddb527430,https://webdata.tudelft.nl/staff-umbrella/digitalcollections/library/kaartenkamer/waterstaatskaart/4e/geogegevens/11-Heerenveen-Oost.jpg,,waterstaatskaart,4,,,,-1,501,,
Image,4,32,a1d05547-bf5d-45c1-bf68-10f20b7b048f,https://webdata.tudelft.nl/staff-umbrella/digitalcollections/library/kaartenkamer/waterstaatskaart/4e/geogegevens/11-Heerenveen-West.jpg,,waterstaatskaart,4,,,,-1,502,,
Image,5,32,c219c376-5f0e-4cc9-81e9-a1799e602836,https://webdata.tudelft.nl/staff-umbrella/digitalcollections/library/kaartenkamer/waterstaatskaart/4e/geogegevens/12-Assen-Oost.jpg,,waterstaatskaart,4,,,,-1,503,,
Image,6,32,fc4dbb53-5141-448a-a949-037be7658167,https://webdata.tudelft.nl/staff-umbrella/digitalcollections/library/kaartenkamer/waterstaatskaart/4e/geogegevens/12-Assen-West.jpg,,waterstaatskaart,4,,,,-1,504,,
Image,7,32,8ae9af28-e8d0-4326-a5b9-2fb2a05ff2c4,https://webdata.tudelft.nl/staff-umbrella/digitalcollections/library/kaartenkamer/waterstaatskaart/4e/geogegevens/13-Boertange.jpg,,waterstaatskaart,4,,,,-1,505,,
Image,8,32,07eb1921-335a-43d8-8337-88a82551cbd2,https://webdata.tudelft.nl/staff-umbrella/digitalcollections/library/kaartenkamer/waterstaatskaart/4e/geogegevens/14-Medemblik-Oost.jpg,,waterstaatskaart,4,,,,-1,506,,
Image,9,32,60cb210a-f3b2-49ad-9c85-53aeb579e1a6,https://webdata.tudelft.nl/staff-umbrella/digitalcollections/library/kaartenkamer/waterstaatskaart/4e/geogegevens/14-Medemblik-West.jpg,,waterstaatskaart,4,,,,-1,507,,
Image,10,32,7fbfc9bb-13be-4fb6-b6ee-0ea75cdd381a,https://webdata.tudelft.nl/staff-umbrella/digitalcollections/library/kaartenkamer/waterstaatskaart/4e/geogegevens/15-Staveren-Oost.jpg,,waterstaatskaart,4,,,,-1,508,,
Image,11,32,d8059d14-aed2-48fa-9668-cfbe43a786f8,https://webdata.tudelft.nl/staff-umbrella/digitalcollections/library/kaartenkamer/waterstaatskaart/4e/geogegevens/15-Staveren-West.jpg,,waterstaatskaart,4,,,,-1,509,,
Image,12,32,8bb88355-72a4-4028-842f-977d7ea77fa4,https://webdata.tudelft.nl/staff-umbrella/digitalcollections/library/kaartenkamer/waterstaatskaart/4e/geogegevens/16-Steenwijk-Oost-1.jpg,,waterstaatskaart,4,,,,-1,510,,
Image,13,32,a9673cf4-38b9-49f0-a625-9a50bd0d44c7,https://webdata.tudelft.nl/staff-umbrella/digitalcollections/library/kaartenkamer/waterstaatskaart/4e/geogegevens/16-Steenwijk-Oost-2.jpg,,waterstaatskaart,4,,,,-1,511,,
Image,14,32,2ddc6616-84c1-44f2-9530-5342bd6818f7,https://webdata.tudelft.nl/staff-umbrella/digitalcollections/library/kaartenkamer/waterstaatskaart/4e/geogegevens/16-Steenwijk-Oost-3.jpg,,waterstaatskaart,4,,,,-1,512,,
Image,15,32,dc0cfbd5-d389-4970-81ce-7bd58d51e109,https://webdata.tudelft.nl/staff-umbrella/digitalcollections/library/kaartenkamer/waterstaatskaart/4e/geogegevens/16-Steenwijk-West-1.jpg,,waterstaatskaart,4,,,,-1,513,,
Image,16,32,e18c15c4-54b2-4b6c-8a26-f00bb4efb0d1,https://webdata.tudelft.nl/staff-umbrella/digitalcollections/library/kaartenkamer/waterstaatskaart/4e/geogegevens/16-Steenwijk-West-2.jpg,,waterstaatskaart,4,,,,-1,514,,
Image,17,32,6bfe325c-d5db-45c8-8c7c-0c24538ffe95,https://webdata.tudelft.nl/staff-umbrella/digitalcollections/library/kaartenkamer/waterstaatskaart/4e/geogegevens/16-Steenwijk-West-3.jpg,,waterstaatskaart,4,,,,-1,515,,
Image,18,32,d6cdb21e-e54e-46f0-a07c-432f81703c62,https://webdata.tudelft.nl/staff-umbrella/digitalcollections/library/kaartenkamer/waterstaatskaart/4e/geogegevens/17-Emmen-Oost-1.jpg,,waterstaatskaart,4,,,,-1,516,,
Image,19,32,b94e05d5-4220-45f7-966d-c8727c3c9576,https://webdata.tudelft.nl/staff-umbrella/digitalcollections/library/kaartenkamer/waterstaatskaart/4e/geogegevens/17-Emmen-Oost-2.jpg,,waterstaatskaart,4,,,,-1,517,,
Image,20,32,28f0597c-3195-4403-a297-c51f1b0ed93a,https://webdata.tudelft.nl/staff-umbrella/digitalcollections/library/kaartenkamer/waterstaatskaart/4e/geogegevens/17-Emmen-Oost-3.jpg,,waterstaatskaart,4,,,,-1,518,,
Image,21,32,ed61aafd-8729-41fb-8ee0-23c5fe6be993,https://webdata.tudelft.nl/staff-umbrella/digitalcollections/library/kaartenkamer/waterstaatskaart/4e/geogegevens/17-Emmen-West-1.jpg,,waterstaatskaart,4,,,,-1,519,,
Image,22,32,b7c924df-aa35-49d4-ac49-bce34caf83f7,https://webdata.tudelft.nl/staff-umbrella/digitalcollections/library/kaartenkamer/waterstaatskaart/4e/geogegevens/17-Emmen-West-2.jpg,,waterstaatskaart,4,,,,-1,520,,
Image,23,32,6e8ef0f6-4441-4a59-ade4-9a42df1c075f,https://webdata.tudelft.nl/staff-umbrella/digitalcollections/library/kaartenkamer/waterstaatskaart/4e/geogegevens/17-Emmen-West-3.jpg,,waterstaatskaart,4,,,,-1,521,,
Image,24,32,0a541228-765f-4330-a507-563ee22b1c1d,https://webdata.tudelft.nl/staff-umbrella/digitalcollections/library/kaartenkamer/waterstaatskaart/4e/geogegevens/18-Roswinkel.jpg,,waterstaatskaart,4,,,,-1,522,,
Image,25,32,e8324076-041d-4284-b4ac-5a53a2063834,https://webdata.tudelft.nl/staff-umbrella/digitalcollections/library/kaartenkamer/waterstaatskaart/4e/geogegevens/19-Alkmaar-Oost.jpg,,waterstaatskaart,4,,,,-1,523,,
Image,26,32,a4d4d14d-be98-43b6-b6ff-fed197321e58,https://webdata.tudelft.nl/staff-umbrella/digitalcollections/library/kaartenkamer/waterstaatskaart/4e/geogegevens/19-Alkmaar-West.jpg,,waterstaatskaart,4,,,,-1,524,,
Image,27,32,1920d28d-3a20-4004-a122-7d9e40ed87ca,https://webdata.tudelft.nl/staff-umbrella/digitalcollections/library/kaartenkamer/waterstaatskaart/4e/geogegevens/20-Enkhuizen-Oost.jpg,,waterstaatskaart,4,,,,-1,525,,
Image,28,32,198612c7-3535-4ac8-83db-f95a8a911420,https://webdata.tudelft.nl/staff-umbrella/digitalcollections/library/kaartenkamer/waterstaatskaart/4e/geogegevens/20-Enkhuizen-West.jpg,,waterstaatskaart,4,,,,-1,526,,
Image,29,32,5498d2d0-3e25-426d-ae40-57cba710283a,https://webdata.tudelft.nl/staff-umbrella/digitalcollections/library/kaartenkamer/waterstaatskaart/4e/geogegevens/21-Zwolle-Oost.jpg,,waterstaatskaart,4,,,,-1,527,,
Image,30,32,d64a7898-1fdd-4731-a21b-ae8b25f213ca,https://webdata.tudelft.nl/staff-umbrella/digitalcollections/library/kaartenkamer/waterstaatskaart/4e/geogegevens/21-Zwolle-West.jpg,,waterstaatskaart,4,,,,-1,528,,
Image,31,32,6ba629f9-278a-4bcd-b981-a917627920ed,https://webdata.tudelft.nl/staff-umbrella/digitalcollections/library/kaartenkamer/waterstaatskaart/4e/geogegevens/22-Coevorden-Oost.jpg,,waterstaatskaart,4,,,,-1,529,,
Image,32,32,79918b84-89a1-4238-a7b1-9ea04de0b718,https://webdata.tudelft.nl/staff-umbrella/digitalcollections/library/kaartenkamer/waterstaatskaart/4e/geogegevens/22-Coevorden-West.jpg,,waterstaatskaart,4,,,,-1,530,,
Image,33,32,b1766238-b462-4743-945b-d921f6f720ea,https://webdata.tudelft.nl/staff-umbrella/digitalcollections/library/kaartenkamer/waterstaatskaart/4e/geogegevens/23-Nieuw-Schoonebeek.jpg,,waterstaatskaart,4,,,,-1,531,,
Image,34,32,1146b350-307f-4d88-a886-da9b137b3d21,https://webdata.tudelft.nl/staff-umbrella/digitalcollections/library/kaartenkamer/waterstaatskaart/4e/geogegevens/24-Hillegom-1.jpg,,waterstaatskaart,4,,,,-1,532,,
Image,35,32,813ce6b8-d5fc-4720-bd3d-36041033663c,https://webdata.tudelft.nl/staff-umbrella/digitalcollections/library/kaartenkamer/waterstaatskaart/4e/geogegevens/25-Amsterdam-Oost-1.jpg,,waterstaatskaart,4,,,,-1,533,,
Image,36,32,cd93c094-a243-4185-b896-c6924c43cbbc,https://webdata.tudelft.nl/staff-umbrella/digitalcollections/library/kaartenkamer/waterstaatskaart/4e/geogegevens/25-Amsterdam-Oost-3.jpg,,waterstaatskaart,4,,,,-1,534,,
Image,37,32,fde5c851-2137-4072-b947-a087947c0c53,https://webdata.tudelft.nl/staff-umbrella/digitalcollections/library/kaartenkamer/waterstaatskaart/4e/geogegevens/25-Amsterdam-West-1.jpg,,waterstaatskaart,4,,,,-1,535,,
Image,38,32,4a0e907a-27f1-461c-a96f-39ed8a89574f,https://webdata.tudelft.nl/staff-umbrella/digitalcollections/library/kaartenkamer/waterstaatskaart/4e/geogegevens/26-Harderwijk-Oost.jpg,,waterstaatskaart,4,,,,-1,536,,
Image,39,32,f90d5aba-d791-4ba2-9f32-1861382fa563,https://webdata.tudelft.nl/staff-umbrella/digitalcollections/library/kaartenkamer/waterstaatskaart/4e/geogegevens/26-Harderwijk-West.jpg,,waterstaatskaart,4,,,,-1,537,,
Image,40,32,46d2e308-425e-4be4-bf1d-cc6a42bf27ca,https://webdata.tudelft.nl/staff-umbrella/digitalcollections/library/kaartenkamer/waterstaatskaart/4e/geogegevens/27-Heerde-Oost-1.jpg,,waterstaatskaart,4,,,,-1,538,,
Image,41,32,7ee06933-1e9a-42ea-8303-3d3f0263133b,https://webdata.tudelft.nl/staff-umbrella/digitalcollections/library/kaartenkamer/waterstaatskaart/4e/geogegevens/27-Heerde-Oost-2.jpg,,waterstaatskaart,4,,,,-1,539,,
Image,42,32,7acd5d5a-6919-40f6-9d86-c0b6c0fa07b6,https://webdata.tudelft.nl/staff-umbrella/digitalcollections/library/kaartenkamer/waterstaatskaart/4e/geogegevens/27-Heerde-Oost-3.jpg,,waterstaatskaart,4,,,,-1,540,,
Image,43,32,daa42221-9d60-458c-baf2-b047955868f5,https://webdata.tudelft.nl/staff-umbrella/digitalcollections/library/kaartenkamer/waterstaatskaart/4e/geogegevens/27-Heerde-West-1.jpg,,waterstaatskaart,4,,,,-1,541,,
Image,44,32,0bddb49b-d89d-48d7-9841-11f455ff753d,https://webdata.tudelft.nl/staff-umbrella/digitalcollections/library/kaartenkamer/waterstaatskaart/4e/geogegevens/27-Heerde-West-2.jpg,,waterstaatskaart,4,,,,-1,542,,
Image,45,32,b365a72e-dc53-4e1b-b8d6-a6f94890e17f,https://webdata.tudelft.nl/staff-umbrella/digitalcollections/library/kaartenkamer/waterstaatskaart/4e/geogegevens/27-Heerde-West-3.jpg,,waterstaatskaart,4,,,,-1,543,,
Image,46,32,23da2cc4-59ac-4497-971f-4bb6010e7d9f,https://webdata.tudelft.nl/staff-umbrella/digitalcollections/library/kaartenkamer/waterstaatskaart/4e/geogegevens/28-Almelo-Oost-1.jpg,,waterstaatskaart,4,,,,-1,544,,
Image,47,32,47c96ddd-b145-467b-a0d5-346d3c9e8ef3,https://webdata.tudelft.nl/staff-umbrella/digitalcollections/library/kaartenkamer/waterstaatskaart/4e/geogegevens/28-Almelo-Oost-2.jpg,,waterstaatskaart,4,,,,-1,545,,
Image,48,32,14812076-a2e8-44fd-95d6-bfefae6b32c6,https://webdata.tudelft.nl/staff-umbrella/digitalcollections/library/kaartenkamer/waterstaatskaart/4e/geogegevens/28-Almelo-West-1.jpg,,waterstaatskaart,4,,,,-1,546,,
Image,49,32,bbf4fdea-b2d4-4728-8067-e941abe567fc,https://webdata.tudelft.nl/staff-umbrella/digitalcollections/library/kaartenkamer/waterstaatskaart/4e/geogegevens/28-Almelo-West-2.jpg,,waterstaatskaart,4,,,,-1,547,,
Image,50,32,c0e8e428-2cde-4d89-841e-cd3af5c54839,https://webdata.tudelft.nl/staff-umbrella/digitalcollections/library/kaartenkamer/waterstaatskaart/4e/geogegevens/28-Almelo-West-3.jpg,,waterstaatskaart,4,,,,-1,548,,
Image,51,32,d0eb3abd-682e-40f7-9e67-0a79b76817ca,https://webdata.tudelft.nl/staff-umbrella/digitalcollections/library/kaartenkamer/waterstaatskaart/4e/geogegevens/29-Denekamp-1.jpg,,waterstaatskaart,4,,,,-1,549,,
Image,52,32,681449e8-dfa4-4da5-80ff-664bdb4dd9cb,https://webdata.tudelft.nl/staff-umbrella/digitalcollections/library/kaartenkamer/waterstaatskaart/4e/geogegevens/29-Denekamp-2.jpg,,waterstaatskaart,4,,,,-1,550,,
Image,53,32,1df75c76-a553-41c4-9572-73cc251a0e7d,https://webdata.tudelft.nl/staff-umbrella/digitalcollections/library/kaartenkamer/waterstaatskaart/4e/geogegevens/30-s-Gravenhage-Oost-1.jpg,,waterstaatskaart,4,,,,-1,551,,
Image,54,32,304b9a3a-650a-4e8c-a445-36862dcf5297,https://webdata.tudelft.nl/staff-umbrella/digitalcollections/library/kaartenkamer/waterstaatskaart/4e/geogegevens/30-s-Gravenhage-West-1.jpg,,waterstaatskaart,4,,,,-1,552,,
Image,55,32,c1596a1e-9515-4d14-8835-17474e7485e6,https://webdata.tudelft.nl/staff-umbrella/digitalcollections/library/kaartenkamer/waterstaatskaart/4e/geogegevens/30-s-Gravenhage-West-3.jpg,,waterstaatskaart,4,,,,-1,553,,
Image,56,32,c541a0c1-f893-4ed8-80da-777abbb9ca42,https://webdata.tudelft.nl/staff-umbrella/digitalcollections/library/kaartenkamer/waterstaatskaart/4e/geogegevens/31-Utrecht-Oost-1.jpg,,waterstaatskaart,4,,,,-1,554,,
Image,57,32,88dd12f7-0962-4842-85a3-bcb79e92a92e,https://webdata.tudelft.nl/staff-umbrella/digitalcollections/library/kaartenkamer/waterstaatskaart/4e/geogegevens/31-Utrecht-Oost-2.jpg,,waterstaatskaart,4,,,,-1,555,,
Image,58,32,04c75404-2ac0-49ae-a5a4-eea69583aad4,https://webdata.tudelft.nl/staff-umbrella/digitalcollections/library/kaartenkamer/waterstaatskaart/4e/geogegevens/31-Utrecht-Oost-3.jpg,,waterstaatskaart,4,,,,-1,556,,
Image,59,32,1fefebb6-eeeb-4b84-a3ba-7e44793d0979,https://webdata.tudelft.nl/staff-umbrella/digitalcollections/library/kaartenkamer/waterstaatskaart/4e/geogegevens/31-Utrecht-West-1.jpg,,waterstaatskaart,4,,,,-1,557,,
Image,60,32,0e074338-addd-4a9c-8d62-b63636978a26,https://webdata.tudelft.nl/staff-umbrella/digitalcollections/library/kaartenkamer/waterstaatskaart/4e/geogegevens/31-Utrecht-West-3.jpg,,waterstaatskaart,4,,,,-1,558,,
Image,61,32,e6331ffa-4922-45d5-9125-859562c7e150,https://webdata.tudelft.nl/staff-umbrella/digitalcollections/library/kaartenkamer/waterstaatskaart/4e/geogegevens/32-Amersfoort-Oost.jpg,,waterstaatskaart,4,,,,-1,559,,
Image,62,32,eef154eb-35fd-4f26-9bc3-b46ac70e5e90,https://webdata.tudelft.nl/staff-umbrella/digitalcollections/library/kaartenkamer/waterstaatskaart/4e/geogegevens/32-Amersfoort-West.jpg,,waterstaatskaart,4,,,,-1,560,,
Image,63,32,bcab82f1-4516-4d65-be36-4d470ccab6d4,https://webdata.tudelft.nl/staff-umbrella/digitalcollections/library/kaartenkamer/waterstaatskaart/4e/geogegevens/33-Apeldoorn-Oost-1.jpg,,waterstaatskaart,4,,,,-1,561,,
Image,64,32,59195361-98ef-4871-b9ef-766806a0f6df,https://webdata.tudelft.nl/staff-umbrella/digitalcollections/library/kaartenkamer/waterstaatskaart/4e/geogegevens/33-Apeldoorn-Oost-2.jpg,,waterstaatskaart,4,,,,-1,562,,
Image,65,32,e330a23e-2d5e-49b9-bfe0-ccae254f02a9,https://webdata.tudelft.nl/staff-umbrella/digitalcollections/library/kaartenkamer/waterstaatskaart/4e/geogegevens/33-Apeldoorn-Oost-3.jpg,,waterstaatskaart,4,,,,-1,563,,
Image,66,32,9d60a4c9-11aa-4816-876a-641390279958,https://webdata.tudelft.nl/staff-umbrella/digitalcollections/library/kaartenkamer/waterstaatskaart/4e/geogegevens/33-Apeldoorn-West-1.jpg,,waterstaatskaart,4,,,,-1,564,,
Image,67,32,200c6d3a-7a23-436a-9d99-d7e5820c9404,https://webdata.tudelft.nl/staff-umbrella/digitalcollections/library/kaartenkamer/waterstaatskaart/4e/geogegevens/33-Apeldoorn-West-2.jpg,,waterstaatskaart,4,,,,-1,565,,
Image,68,32,6646364d-0f74-4108-922d-5a5af7c9aa32,https://webdata.tudelft.nl/staff-umbrella/digitalcollections/library/kaartenkamer/waterstaatskaart/4e/geogegevens/33-Apeldoorn-West-3.jpg,,waterstaatskaart,4,,,,-1,566,,
Image,69,32,ec580f1d-837a-49e3-8e5d-c8b0d8cd4e1f,https://webdata.tudelft.nl/staff-umbrella/digitalcollections/library/kaartenkamer/waterstaatskaart/4e/geogegevens/34-Enschede-Oost-1.jpg,,waterstaatskaart,4,,,,-1,567,,
Image,70,32,ad10d415-dbf6-4dd8-9c93-f59bd95afe8c,https://webdata.tudelft.nl/staff-umbrella/digitalcollections/library/kaartenkamer/waterstaatskaart/4e/geogegevens/34-Enschede-Oost-2.jpg,,waterstaatskaart,4,,,,-1,568,,
Image,71,32,891ebc5b-4e82-47db-8e96-fc8bd96b30be,https://webdata.tudelft.nl/staff-umbrella/digitalcollections/library/kaartenkamer/waterstaatskaart/4e/geogegevens/34-Enschede-Oost-3.jpg,,waterstaatskaart,4,,,,-1,569,,
Image,72,32,97008035-5c62-4086-978f-6f59e2df7df9,https://webdata.tudelft.nl/staff-umbrella/digitalcollections/library/kaartenkamer/waterstaatskaart/4e/geogegevens/34-Enschede-West-1.jpg,,waterstaatskaart,4,,,,-1,570,,
Image,73,32,d6cbc1b6-519e-4404-9776-2ee8569a949b,https://webdata.tudelft.nl/staff-umbrella/digitalcollections/library/kaartenkamer/waterstaatskaart/4e/geogegevens/34-Enschede-West-2.jpg,,waterstaatskaart,4,,,,-1,571,,
Image,74,32,34411a8e-d77b-4588-ad4c-d5ed25c09c39,https://webdata.tudelft.nl/staff-umbrella/digitalcollections/library/kaartenkamer/waterstaatskaart/4e/geogegevens/34-Enschede-West-3.jpg,,waterstaatskaart,4,,,,-1,572,,
Image,75,32,20cdad6a-3720-47af-8948-68e693687fa3,https://webdata.tudelft.nl/staff-umbrella/digitalcollections/library/kaartenkamer/waterstaatskaart/4e/geogegevens/35-Glanerbrug-1.jpg,,waterstaatskaart,4,,,,-1,573,,
Image,76,32,e1986275-75ed-4a3a-aaa6-06e9e7a661ee,https://webdata.tudelft.nl/staff-umbrella/digitalcollections/library/kaartenkamer/waterstaatskaart/4e/geogegevens/35-Glanerbrug-2.jpg,,waterstaatskaart,4,,,,-1,574,,
Image,77,32,43930ff8-cdaf-45fb-8858-4d15588170d4,https://webdata.tudelft.nl/staff-umbrella/digitalcollections/library/kaartenkamer/waterstaatskaart/4e/geogegevens/36-Goedereede-1.jpg,,waterstaatskaart,4,,,,-1,575,,
Image,78,32,c9f5bb7c-2426-4eae-b74b-4a0c397e417b,https://webdata.tudelft.nl/staff-umbrella/digitalcollections/library/kaartenkamer/waterstaatskaart/4e/geogegevens/36-Goedereede-3.jpg,,waterstaatskaart,4,,,,-1,576,,
Image,79,32,81a98c04-6744-4698-b8d2-14a9cc9adb4f,https://webdata.tudelft.nl/staff-umbrella/digitalcollections/library/kaartenkamer/waterstaatskaart/4e/geogegevens/37-Rotterdam-Oost-2.jpg,,waterstaatskaart,4,,,,-1,577,,
Image,80,32,4bfca9bd-443e-4896-ba13-bf9f50ac29ce,https://webdata.tudelft.nl/staff-umbrella/digitalcollections/library/kaartenkamer/waterstaatskaart/4e/geogegevens/37-Rotterdam-Oost-3.jpg,,waterstaatskaart,4,,,,-1,578,,
Image,81,32,6c383748-ce36-4187-811d-a158d9e452b3,https://webdata.tudelft.nl/staff-umbrella/digitalcollections/library/kaartenkamer/waterstaatskaart/4e/geogegevens/37-Rotterdam-Oost-1973.jpg,,waterstaatskaart,4,,,,-1,579,,
Image,82,32,005511e9-bf9f-4e85-b70c-5c0aae46c26e,https://webdata.tudelft.nl/staff-umbrella/digitalcollections/library/kaartenkamer/waterstaatskaart/4e/geogegevens/37-Rotterdam-West-1.jpg,,waterstaatskaart,4,,,,-1,580,,
Image,83,32,044b3495-93db-4f0b-b7e9-f875074f69f6,https://webdata.tudelft.nl/staff-umbrella/digitalcollections/library/kaartenkamer/waterstaatskaart/4e/geogegevens/37-Rotterdam-West-2.jpg,,waterstaatskaart,4,,,,-1,581,,
Image,84,32,e1725de2-1653-4bff-a77c-b49a9dbff77b,https://webdata.tudelft.nl/staff-umbrella/digitalcollections/library/kaartenkamer/waterstaatskaart/4e/geogegevens/37-Rotterdam-West-3.jpg,,waterstaatskaart,4,,,,-1,582,,
Image,85,32,60410def-fa14-4456-a294-e84cff1ea6a0,https://webdata.tudelft.nl/staff-umbrella/digitalcollections/library/kaartenkamer/waterstaatskaart/4e/geogegevens/38-Gorinchem-Oost-1.jpg,,waterstaatskaart,4,,,,-1,583,,
Image,86,32,3123f558-1f28-4e3b-8d05-3eabcc626d4f,https://webdata.tudelft.nl/staff-umbrella/digitalcollections/library/kaartenkamer/waterstaatskaart/4e/geogegevens/38-Gorinchem-West-1.jpg,,waterstaatskaart,4,,,,-1,584,,
Image,87,32,6cbb3fe6-df5c-4d8c-9c77-1e5e26655cf7,https://webdata.tudelft.nl/staff-umbrella/digitalcollections/library/kaartenkamer/waterstaatskaart/4e/geogegevens/38-Gorinchem-West-3.jpg,,waterstaatskaart,4,,,,-1,585,,
Image,88,32,1ce25879-8d2f-4eab-9ba4-294dedf0db01,https://webdata.tudelft.nl/staff-umbrella/digitalcollections/library/kaartenkamer/waterstaatskaart/4e/geogegevens/39-Rhenen-West-1.jpg,,waterstaatskaart,4,,,,-1,586,,
Image,89,32,b8da10ee-d68c-4e67-a99e-42e44d4c5e22,https://webdata.tudelft.nl/staff-umbrella/digitalcollections/library/kaartenkamer/waterstaatskaart/4e/geogegevens/39-Rhenen-West-3.jpg,,waterstaatskaart,4,,,,-1,587,,
Image,90,32,88f5a2d4-2650-4c4a-960c-de179e15b7e3,https://webdata.tudelft.nl/staff-umbrella/digitalcollections/library/kaartenkamer/waterstaatskaart/4e/geogegevens/39-Tiel-Oost-1.jpg,,waterstaatskaart,4,,,,-1,588,,
Image,91,32,8d83e77d-12e3-488c-a696-c338fa847fce,https://webdata.tudelft.nl/staff-umbrella/digitalcollections/library/kaartenkamer/waterstaatskaart/4e/geogegevens/39-Tiel-Oost-2.jpg,,waterstaatskaart,4,,,,-1,589,,
Image,92,32,7a636034-89a7-4ade-9c5b-4c9a9a22afe9,https://webdata.tudelft.nl/staff-umbrella/digitalcollections/library/kaartenkamer/waterstaatskaart/4e/geogegevens/39-Tiel-Oost-3.jpg,,waterstaatskaart,4,,,,-1,590,,
Image,93,32,2e15179d-b24e-4929-99dd-62973a83860a,https://webdata.tudelft.nl/staff-umbrella/digitalcollections/library/kaartenkamer/waterstaatskaart/4e/geogegevens/40-Arnhem-Oost-1.jpg,,waterstaatskaart,4,,,,-1,591,,
Image,94,32,b0913b50-2ee0-4a31-b437-fbde5793be25,https://webdata.tudelft.nl/staff-umbrella/digitalcollections/library/kaartenkamer/waterstaatskaart/4e/geogegevens/40-Arnhem-Oost-2.jpg,,waterstaatskaart,4,,,,-1,592,,
Image,95,32,402d113a-4ef7-4179-adb5-ea2f3ecdabdc,https://webdata.tudelft.nl/staff-umbrella/digitalcollections/library/kaartenkamer/waterstaatskaart/4e/geogegevens/40-Arnhem-Oost.jpg,,waterstaatskaart,4,,,,-1,593,,
Image,96,32,5967a497-ed46-4051-9f03-21b3051be31c,https://webdata.tudelft.nl/staff-umbrella/digitalcollections/library/kaartenkamer/waterstaatskaart/4e/geogegevens/40-Arnhem-West-1.jpg,,waterstaatskaart,4,,,,-1,594,,
Image,97,32,8c28a36b-10f6-4d1b-aec3-769a226e817b,https://webdata.tudelft.nl/staff-umbrella/digitalcollections/library/kaartenkamer/waterstaatskaart/4e/geogegevens/40-Arnhem-West-2.jpg,,waterstaatskaart,4,,,,-1,595,,
Image,98,32,5ca72a2d-544e-44c1-a6c5-6ec705125a8a,https://webdata.tudelft.nl/staff-umbrella/digitalcollections/library/kaartenkamer/waterstaatskaart/4e/geogegevens/40-Arnhem-West-3.jpg,,waterstaatskaart,4,,,,-1,596,,
Image,99,32,a1b81441-43da-48c7-8866-57d5999a6e47,https://webdata.tudelft.nl/staff-umbrella/digitalcollections/library/kaartenkamer/waterstaatskaart/4e/geogegevens/40-Arnhem-West.jpg,,waterstaatskaart,4,,,,-1,597,,
Image,100,32,dca5ea8e-916f-4dd8-908c-7e8d90cb05f1,https://webdata.tudelft.nl/staff-umbrella/digitalcollections/library/kaartenkamer/waterstaatskaart/4e/geogegevens/41-Aalten-Oost-1.jpg,,waterstaatskaart,4,,,,-1,598,,
Image,101,32,6c4882fb-3fb5-4b52-b74e-6eb093b90b15,https://webdata.tudelft.nl/staff-umbrella/digitalcollections/library/kaartenkamer/waterstaatskaart/4e/geogegevens/41-Aalten-Oost-2.jpg,,waterstaatskaart,4,,,,-1,599,,
Image,102,32,414ba1a4-35a6-4453-b5ab-7a1306af0097,https://webdata.tudelft.nl/staff-umbrella/digitalcollections/library/kaartenkamer/waterstaatskaart/4e/geogegevens/41-Aalten-West-1.jpg,,waterstaatskaart,4,,,,-1,600,,
Image,103,32,1b975d76-cc4c-4c38-82db-b640e7189e84,https://webdata.tudelft.nl/staff-umbrella/digitalcollections/library/kaartenkamer/waterstaatskaart/4e/geogegevens/41-Aalten-West-2.jpg,,waterstaatskaart,4,,,,-1,601,,
Image,104,32,850196e6-88f4-4353-b2c2-f0e99d1e300a,https://webdata.tudelft.nl/staff-umbrella/digitalcollections/library/kaartenkamer/waterstaatskaart/4e/geogegevens/42-Zierikzee-Oost.jpg,,waterstaatskaart,4,,,,-1,602,,
Image,105,32,bc5e4df9-da48-4915-bacc-55f6a098e1ca,https://webdata.tudelft.nl/staff-umbrella/digitalcollections/library/kaartenkamer/waterstaatskaart/4e/geogegevens/42-Zierikzee-West.jpg,,waterstaatskaart,4,,,,-1,603,,
Image,106,32,665216d8-dc7d-4938-ada2-1b6770fcd901,https://webdata.tudelft.nl/staff-umbrella/digitalcollections/library/kaartenkamer/waterstaatskaart/4e/geogegevens/43-Willemstad-Oost-1.jpg,,waterstaatskaart,4,,,,-1,604,,
Image,107,32,6a27c451-e476-4aa5-840d-fe9a4aa04ac3,https://webdata.tudelft.nl/staff-umbrella/digitalcollections/library/kaartenkamer/waterstaatskaart/4e/geogegevens/43-Willemstad-Oost-3.jpg,,waterstaatskaart,4,,,,-1,605,,
Image,108,32,f84994f4-6327-43e5-a11d-1b3be374da54,https://webdata.tudelft.nl/staff-umbrella/digitalcollections/library/kaartenkamer/waterstaatskaart/4e/geogegevens/43-Willemstad-West-1.jpg,,waterstaatskaart,4,,,,-1,606,,
Image,109,32,68e2a6a8-de93-4089-86e6-58f49b9342cb,https://webdata.tudelft.nl/staff-umbrella/digitalcollections/library/kaartenkamer/waterstaatskaart/4e/geogegevens/43-Willemstad-West-3.jpg,,waterstaatskaart,4,,,,-1,607,,
Image,110,32,43e6b930-24ac-42bc-808a-738a8db06440,https://webdata.tudelft.nl/staff-umbrella/digitalcollections/library/kaartenkamer/waterstaatskaart/4e/geogegevens/44-Geertruidenberg-Oost.jpg,,waterstaatskaart,4,,,,-1,608,,
Image,111,32,39a5ebe3-f55b-4ad1-b4a0-0df946c02643,https://webdata.tudelft.nl/staff-umbrella/digitalcollections/library/kaartenkamer/waterstaatskaart/4e/geogegevens/44-Geertruidenberg-West-1.jpg,,waterstaatskaart,4,,,,-1,609,,
Image,112,32,e7d40bf7-cfb8-4255-9bc9-076a74b0d0e2,https://webdata.tudelft.nl/staff-umbrella/digitalcollections/library/kaartenkamer/waterstaatskaart/4e/geogegevens/44-Geertruidenberg-West-2.jpg,,waterstaatskaart,4,,,,-1,610,,
Image,113,32,0ba097a1-1d40-447e-bed2-98b70243624f,https://webdata.tudelft.nl/staff-umbrella/digitalcollections/library/kaartenkamer/waterstaatskaart/4e/geogegevens/45-s-Hertogenbosch-Oost-1.jpg,,waterstaatskaart,4,,,,-1,611,,
Image,114,32,52b6678c-0a58-41fd-a1e0-ff894dcd4c6e,https://webdata.tudelft.nl/staff-umbrella/digitalcollections/library/kaartenkamer/waterstaatskaart/4e/geogegevens/45-s-Hertogenbosch-Oost-2.jpg,,waterstaatskaart,4,,,,-1,612,,
Image,115,32,ce25eee4-baad-41dc-98dc-f65a1e807658,https://webdata.tudelft.nl/staff-umbrella/digitalcollections/library/kaartenkamer/waterstaatskaart/4e/geogegevens/45-s-Hertogenbosch-Oost-3.jpg,,waterstaatskaart,4,,,,-1,613,,
Image,116,32,43d38fcb-17a1-487b-bcd0-6e022205f53a,https://webdata.tudelft.nl/staff-umbrella/digitalcollections/library/kaartenkamer/waterstaatskaart/4e/geogegevens/45-s-Hertogenbosch-West-1.jpg,,waterstaatskaart,4,,,,-1,614,,
Image,117,32,ef8a44ac-8348-4127-89cb-d80917276064,https://webdata.tudelft.nl/staff-umbrella/digitalcollections/library/kaartenkamer/waterstaatskaart/4e/geogegevens/45-s-Hertogenbosch-West-2.jpg,,waterstaatskaart,4,,,,-1,615,,
Image,118,32,d3c76a1c-4783-4c1e-8ee9-d8931f90d1b0,https://webdata.tudelft.nl/staff-umbrella/digitalcollections/library/kaartenkamer/waterstaatskaart/4e/geogegevens/46-Gennep-Oost-1.jpg,,waterstaatskaart,4,,,,-1,616,,
Image,119,32,059583f9-a21a-4c91-93e4-717f757b161c,https://webdata.tudelft.nl/staff-umbrella/digitalcollections/library/kaartenkamer/waterstaatskaart/4e/geogegevens/46-Gennep-Oost-2.jpg,,waterstaatskaart,4,,,,-1,617,,
Image,120,32,bf13df57-ef53-4584-8073-c8954cc998c5,https://webdata.tudelft.nl/staff-umbrella/digitalcollections/library/kaartenkamer/waterstaatskaart/4e/geogegevens/46-Gennep-Oost-3.jpg,,waterstaatskaart,4,,,,-1,618,,
Image,121,32,6ed208db-da2f-427e-ae7d-4598ea07f7bb,https://webdata.tudelft.nl/staff-umbrella/digitalcollections/library/kaartenkamer/waterstaatskaart/4e/geogegevens/46-Gennep-West-1.jpg,,waterstaatskaart,4,,,,-1,619,,
Image,122,32,c0a2acc1-603d-430e-a3d8-c6eb0121e85b,https://webdata.tudelft.nl/staff-umbrella/digitalcollections/library/kaartenkamer/waterstaatskaart/4e/geogegevens/46-Gennep-West-2.jpg,,waterstaatskaart,4,,,,-1,620,,
Image,123,32,075ded84-bc4f-4457-8171-f281a74e3ae1,https://webdata.tudelft.nl/staff-umbrella/digitalcollections/library/kaartenkamer/waterstaatskaart/4e/geogegevens/46-Gennep-West-3.jpg,,waterstaatskaart,4,,,,-1,621,,
Image,124,32,841c459e-c5e4-4c65-acf9-b763ea7c0cee,https://webdata.tudelft.nl/staff-umbrella/digitalcollections/library/kaartenkamer/waterstaatskaart/4e/geogegevens/47-Cadzand-1.jpg,,waterstaatskaart,4,,,,-1,622,,
Image,125,32,d6085136-cfb5-491e-9a39-84df0209b2bb,https://webdata.tudelft.nl/staff-umbrella/digitalcollections/library/kaartenkamer/waterstaatskaart/4e/geogegevens/47-Cadzand-2.jpg,,waterstaatskaart,4,,,,-1,623,,
Image,126,32,2b9f8966-0f3d-42b4-9be7-f76d44e361f2,https://webdata.tudelft.nl/staff-umbrella/digitalcollections/library/kaartenkamer/waterstaatskaart/4e/geogegevens/48-Middelburg-Oost-1.jpg,,waterstaatskaart,4,,,,-1,624,,
Image,127,32,1dd2de44-d761-41e3-b867-de722ad073d3,https://webdata.tudelft.nl/staff-umbrella/digitalcollections/library/kaartenkamer/waterstaatskaart/4e/geogegevens/48-Middelburg-Oost-2.jpg,,waterstaatskaart,4,,,,-1,625,,
Image,128,32,1daedd87-a111-4825-82f7-f45496df959d,https://webdata.tudelft.nl/staff-umbrella/digitalcollections/library/kaartenkamer/waterstaatskaart/4e/geogegevens/48-Middelburg-West-1.jpg,,waterstaatskaart,4,,,,-1,626,,
Image,129,32,7834166c-922b-4a78-8120-db1ed73c1d7e,https://webdata.tudelft.nl/staff-umbrella/digitalcollections/library/kaartenkamer/waterstaatskaart/4e/geogegevens/48-Middelburg-West-2.jpg,,waterstaatskaart,4,,,,-1,627,,
Image,130,32,5628506a-b4d4-4953-bc95-fa969d923cb1,https://webdata.tudelft.nl/staff-umbrella/digitalcollections/library/kaartenkamer/waterstaatskaart/4e/geogegevens/49-Bergen-op-Zoom-Oost-1.jpg,,waterstaatskaart,4,,,,-1,628,,
Image,131,32,202d8099-159d-4574-96fa-802e1ea35026,https://webdata.tudelft.nl/staff-umbrella/digitalcollections/library/kaartenkamer/waterstaatskaart/4e/geogegevens/49-Bergen-op-Zoom-Oost-2.jpg,,waterstaatskaart,4,,,,-1,629,,
Image,132,32,300c8dfa-70c9-466b-ac2c-464e270729cb,https://webdata.tudelft.nl/staff-umbrella/digitalcollections/library/kaartenkamer/waterstaatskaart/4e/geogegevens/49-Bergen-op-Zoom-Oost-3.jpg,,waterstaatskaart,4,,,,-1,630,,
Image,133,32,ea63b1e5-e4f8-447a-bebb-c06aeb2a19e6,https://webdata.tudelft.nl/staff-umbrella/digitalcollections/library/kaartenkamer/waterstaatskaart/4e/geogegevens/49-Bergen-op-Zoom-West-1.jpg,,waterstaatskaart,4,,,,-1,631,,
Image,134,32,41608672-3fd9-4a17-9c8f-f54d342c363f,https://webdata.tudelft.nl/staff-umbrella/digitalcollections/library/kaartenkamer/waterstaatskaart/4e/geogegevens/49-Bergen-op-Zoom-West-2.jpg,,waterstaatskaart,4,,,,-1,632,,
Image,135,32,311aad52-a89e-43f0-b532-019a0664ad1c,https://webdata.tudelft.nl/staff-umbrella/digitalcollections/library/kaartenkamer/waterstaatskaart/4e/geogegevens/50-Breda-Oost.jpg,,waterstaatskaart,4,,,,-1,633,,
Image,136,32,75075869-0ee4-4b05-bc01-8a0fd60590a2,https://webdata.tudelft.nl/staff-umbrella/digitalcollections/library/kaartenkamer/waterstaatskaart/4e/geogegevens/50-Breda-West-1-Tilburg-West.jpg,,waterstaatskaart,4,,,,-1,634,,
Image,137,32,891d963a-6845-453a-9598-1f9451c3df8d,https://webdata.tudelft.nl/staff-umbrella/digitalcollections/library/kaartenkamer/waterstaatskaart/4e/geogegevens/50-Breda-West-3.jpg,,waterstaatskaart,4,,,,-1,635,,
Image,138,32,d0d993d1-108e-47ce-8d58-d7acea4ff303,https://webdata.tudelft.nl/staff-umbrella/digitalcollections/library/kaartenkamer/waterstaatskaart/4e/geogegevens/51-Eindhoven-Oost-1.jpg,,waterstaatskaart,4,,,,-1,636,,
Image,139,32,dce946d6-0b29-48b0-9b3e-91d7b57a876f,https://webdata.tudelft.nl/staff-umbrella/digitalcollections/library/kaartenkamer/waterstaatskaart/4e/geogegevens/51-Eindhoven-Oost-2.jpg,,waterstaatskaart,4,,,,-1,637,,
Image,140,32,90846f57-a855-4125-bbc3-c6e7a0fce7a1,https://webdata.tudelft.nl/staff-umbrella/digitalcollections/library/kaartenkamer/waterstaatskaart/4e/geogegevens/51-Eindhoven-Oost-3.jpg,,waterstaatskaart,4,,,,-1,638,,
Image,141,32,8bdc520a-083b-4233-8333-18be17fca266,https://webdata.tudelft.nl/staff-umbrella/digitalcollections/library/kaartenkamer/waterstaatskaart/4e/geogegevens/51-Eindhoven-West-1.jpg,,waterstaatskaart,4,,,,-1,639,,
Image,142,32,f5e712d9-a9d4-4e1d-b569-481fcea5853c,https://webdata.tudelft.nl/staff-umbrella/digitalcollections/library/kaartenkamer/waterstaatskaart/4e/geogegevens/51-Eindhoven-West-2.jpg,,waterstaatskaart,4,,,,-1,640,,
Image,143,32,7e871a64-e487-4587-b037-8b2c598008c5,https://webdata.tudelft.nl/staff-umbrella/digitalcollections/library/kaartenkamer/waterstaatskaart/4e/geogegevens/52-Venlo-Oost-1.jpg,,waterstaatskaart,4,,,,-1,641,,
Image,144,32,e6ecfdb1-f8b7-45b2-a761-509419178230,https://webdata.tudelft.nl/staff-umbrella/digitalcollections/library/kaartenkamer/waterstaatskaart/4e/geogegevens/52-Venlo-West-1.jpg,,waterstaatskaart,4,,,,-1,642,,
Image,145,32,95dbe4d1-318a-46b2-a55a-9daf97de9d3c,https://webdata.tudelft.nl/staff-umbrella/digitalcollections/library/kaartenkamer/waterstaatskaart/4e/geogegevens/53-Sluis-1.jpg,,waterstaatskaart,4,,,,-1,643,,
Image,146,32,0efe8191-f8ff-4044-aee7-89fa5fbffbc9,https://webdata.tudelft.nl/staff-umbrella/digitalcollections/library/kaartenkamer/waterstaatskaart/4e/geogegevens/53-Sluis-2.jpg,,waterstaatskaart,4,,,,-1,644,,
Image,147,32,478a08f8-88c0-466b-bfd8-c063a0d513f8,https://webdata.tudelft.nl/staff-umbrella/digitalcollections/library/kaartenkamer/waterstaatskaart/4e/geogegevens/54-Terneuzen-Oost-1.jpg,,waterstaatskaart,4,,,,-1,645,,
Image,148,32,5f940a87-91b6-4bae-bb7e-95740acf20cd,https://webdata.tudelft.nl/staff-umbrella/digitalcollections/library/kaartenkamer/waterstaatskaart/4e/geogegevens/54-Terneuzen-Oost-2.jpg,,waterstaatskaart,4,,,,-1,646,,
Image,149,32,3a5e4470-c847-40c3-8143-0e0f9f7d4216,https://webdata.tudelft.nl/staff-umbrella/digitalcollections/library/kaartenkamer/waterstaatskaart/4e/geogegevens/54-Terneuzen-West-1.jpg,,waterstaatskaart,4,,,,-1,647,,
Image,150,32,cd33cd69-4ac0-4e62-b180-ed0aabc95f56,https://webdata.tudelft.nl/staff-umbrella/digitalcollections/library/kaartenkamer/waterstaatskaart/4e/geogegevens/54-Terneuzen-West-2.jpg,,waterstaatskaart,4,,,,-1,648,,
Image,151,32,6586b18a-fa54-42a9-b663-145a75d4e005,https://webdata.tudelft.nl/staff-umbrella/digitalcollections/library/kaartenkamer/waterstaatskaart/4e/geogegevens/55-Hulst-1.jpg,,waterstaatskaart,4,,,,-1,649,,
Image,152,32,8abd3842-1b68-4bb9-91d8-b7061cafa21c,https://webdata.tudelft.nl/staff-umbrella/digitalcollections/library/kaartenkamer/waterstaatskaart/4e/geogegevens/55-Hulst-2.jpg,,waterstaatskaart,4,,,,-1,650,,
Image,153,32,5080542e-f7be-4d67-ba9e-f440023455f3,https://webdata.tudelft.nl/staff-umbrella/digitalcollections/library/kaartenkamer/waterstaatskaart/4e/geogegevens/57-Valkenswaard-Oost-1.jpg,,waterstaatskaart,4,,,,-1,651,,
Image,154,32,1d394e50-a98f-4211-be6f-9bec29be13a7,https://webdata.tudelft.nl/staff-umbrella/digitalcollections/library/kaartenkamer/waterstaatskaart/4e/geogegevens/57-Valkenswaard-Oost-2.jpg,,waterstaatskaart,4,,,,-1,652,,
Image,155,32,be023fb0-7ffa-4ee7-9e3d-ddfaa6d8465b,https://webdata.tudelft.nl/staff-umbrella/digitalcollections/library/kaartenkamer/waterstaatskaart/4e/geogegevens/57-Valkenswaard-West-1.jpg,,waterstaatskaart,4,,,,-1,653,,
Image,156,32,9330baca-14ef-4e5f-988f-640009a88eab,https://webdata.tudelft.nl/staff-umbrella/digitalcollections/library/kaartenkamer/waterstaatskaart/4e/geogegevens/57-Valkenswaard-West-2.jpg,,waterstaatskaart,4,,,,-1,654,,
Image,157,32,4f43632b-d584-4077-a392-21c4b6e66b02,https://webdata.tudelft.nl/staff-umbrella/digitalcollections/library/kaartenkamer/waterstaatskaart/4e/geogegevens/58-Roermond-Oost-1.jpg,,waterstaatskaart,4,,,,-1,655,,
Image,158,32,427e29cc-1c17-4eac-95d3-6d6465b81b80,https://webdata.tudelft.nl/staff-umbrella/digitalcollections/library/kaartenkamer/waterstaatskaart/4e/geogegevens/58-Roermond-Oost-2.jpg,,waterstaatskaart,4,,,,-1,656,,
Image,159,32,52744069-4459-4d11-ac69-58f442fb406f,https://webdata.tudelft.nl/staff-umbrella/digitalcollections/library/kaartenkamer/waterstaatskaart/4e/geogegevens/58-Roermond-West-1.jpg,,waterstaatskaart,4,,,,-1,657,,
Image,160,32,4207cdbc-a270-496c-88e0-76351d1c3ac9,https://webdata.tudelft.nl/staff-umbrella/digitalcollections/library/kaartenkamer/waterstaatskaart/4e/geogegevens/58-Roermond-West-2.jpg,,waterstaatskaart,4,,,,-1,658,,
Image,161,32,7d62a472-25a9-485f-a299-d4041bfb6bd5,https://webdata.tudelft.nl/staff-umbrella/digitalcollections/library/kaartenkamer/waterstaatskaart/4e/geogegevens/58-Roermond-West-3.jpg,,waterstaatskaart,4,,,,-1,659,,
Image,162,32,a8520fd4-bebc-41f0-8299-3d5489557b84,https://webdata.tudelft.nl/staff-umbrella/digitalcollections/library/kaartenkamer/waterstaatskaart/4e/geogegevens/59-Peer.jpg,,waterstaatskaart,4,,,,-1,660,,
Image,163,32,977a5291-3c82-436e-8ba2-8d81770378ec,https://webdata.tudelft.nl/staff-umbrella/digitalcollections/library/kaartenkamer/waterstaatskaart/4e/geogegevens/60-Sittard-Oost.jpg,,waterstaatskaart,4,,,,-1,661,,
Image,164,32,74082afc-fd2d-4d9b-9d67-f67781b25136,https://webdata.tudelft.nl/staff-umbrella/digitalcollections/library/kaartenkamer/waterstaatskaart/4e/geogegevens/60-Sittard-West.jpg,,waterstaatskaart,4,,,,-1,662,,
Image,165,32,7191e55d-1955-491e-9edc-d48fd93ffda3,https://webdata.tudelft.nl/staff-umbrella/digitalcollections/library/kaartenkamer/waterstaatskaart/4e/geogegevens/61-Maastricht.jpg,,waterstaatskaart,4,,,,-1,663,,
Image,166,32,393e8beb-6607-4250-bcb6-c709ef05363c,https://webdata.tudelft.nl/staff-umbrella/digitalcollections/library/kaartenkamer/waterstaatskaart/4e/geogegevens/62-Heerlen-Oost.jpg,,waterstaatskaart,4,,,,-1,664,,
Image,167,32,64484406-bcce-4b58-b045-4b2c6c7c7c94,https://webdata.tudelft.nl/staff-umbrella/digitalcollections/library/kaartenkamer/waterstaatskaart/4e/geogegevens/62-Heerlen-West.jpg,,waterstaatskaart,4,,,,-1,665,,
Image,168,32,204cc46f-f777-4465-bc4a-d62f310ecc56,https://webdata.tudelft.nl/staff-umbrella/digitalcollections/library/kaartenkamer/waterstaatskaart/5e/geogegevens/01-Terschelling-Oost-1.jpg,,waterstaatskaart,5,,,,-1,666,,
Image,169,32,008456a8-36fe-4615-9148-96b33c74a6c3,https://webdata.tudelft.nl/staff-umbrella/digitalcollections/library/kaartenkamer/waterstaatskaart/5e/geogegevens/01-Terschelling-Oost-2.jpg,,waterstaatskaart,5,,,,-1,667,,
Image,170,32,f6a86d86-61fa-4f77-ba25-8552d1816ddc,https://webdata.tudelft.nl/staff-umbrella/digitalcollections/library/kaartenkamer/waterstaatskaart/5e/geogegevens/01-Terschelling-West-1.jpg,,waterstaatskaart,5,,,,-1,668,,
Image,171,32,2e3f4b3d-d6bc-4810-96ad-55f958509c73,https://webdata.tudelft.nl/staff-umbrella/digitalcollections/library/kaartenkamer/waterstaatskaart/5e/geogegevens/01-Terschelling-West-2.jpg,,waterstaatskaart,5,,,,-1,669,,
Image,172,32,1ca16c62-ff46-400c-ad58-35ba4b1b923b,https://webdata.tudelft.nl/staff-umbrella/digitalcollections/library/kaartenkamer/waterstaatskaart/5e/geogegevens/02-Schiermonnikoog-Oost-1.jpg,,waterstaatskaart,5,,,,-1,670,,
Image,173,32,10ed12ad-cd29-4997-b34a-ce28c902a6b5,https://webdata.tudelft.nl/staff-umbrella/digitalcollections/library/kaartenkamer/waterstaatskaart/5e/geogegevens/02-Schiermonnikoog-Oost-2.jpg,,waterstaatskaart,5,,,,-1,671,,
Image,174,32,58b8415c-d4ae-48c0-b335-3a30adeef13b,https://webdata.tudelft.nl/staff-umbrella/digitalcollections/library/kaartenkamer/waterstaatskaart/5e/geogegevens/02-Schiermonnikoog-Oost-3.jpg,,waterstaatskaart,5,,,,-1,672,,
Image,175,32,31eecd70-a14c-4e4e-acbd-ea2b89281465,https://webdata.tudelft.nl/staff-umbrella/digitalcollections/library/kaartenkamer/waterstaatskaart/5e/geogegevens/02-Schiermonnikoog-West-1.jpg,,waterstaatskaart,5,,,,-1,673,,
Image,176,32,82d6cb79-8c56-4dba-854d-e9efc5f0233a,https://webdata.tudelft.nl/staff-umbrella/digitalcollections/library/kaartenkamer/waterstaatskaart/5e/geogegevens/02-Schiermonnikoog-West-2.jpg,,waterstaatskaart,5,,,,-1,674,,
Image,177,32,148aea0b-4c2c-48bb-849f-46db4c33d662,https://webdata.tudelft.nl/staff-umbrella/digitalcollections/library/kaartenkamer/waterstaatskaart/5e/geogegevens/03-Uithuizen-Oost-1.jpg,,waterstaatskaart,5,,,,-1,675,,
Image,178,32,a0f09a68-3b94-41b3-9fa9-6dbb3c0dd9c0,https://webdata.tudelft.nl/staff-umbrella/digitalcollections/library/kaartenkamer/waterstaatskaart/5e/geogegevens/03-Uithuizen-Oost-2.jpg,,waterstaatskaart,5,,,,-1,676,,
Image,179,32,0d219baa-f4ba-45e5-85e8-acaad989a8e5,https://webdata.tudelft.nl/staff-umbrella/digitalcollections/library/kaartenkamer/waterstaatskaart/5e/geogegevens/03-Uithuizen-Oost-3.jpg,,waterstaatskaart,5,,,,-1,677,,
Image,180,32,fed3b6ee-6b26-4001-aded-5cd23478f95c,https://webdata.tudelft.nl/staff-umbrella/digitalcollections/library/kaartenkamer/waterstaatskaart/5e/geogegevens/03-Uithuizen-West-1.jpg,,waterstaatskaart,5,,,,-1,678,,
Image,181,32,fe691212-b64c-48fb-aa3a-f4e9b7ba3ad4,https://webdata.tudelft.nl/staff-umbrella/digitalcollections/library/kaartenkamer/waterstaatskaart/5e/geogegevens/03-Uithuizen-West-2.jpg,,waterstaatskaart,5,,,,-1,679,,
Image,182,32,0680634c-b978-4688-a352-718274df79eb,https://webdata.tudelft.nl/staff-umbrella/digitalcollections/library/kaartenkamer/waterstaatskaart/5e/geogegevens/03-Uithuizen-West-3.jpg,,waterstaatskaart,5,,,,-1,680,,
Image,183,32,6970a809-6e1e-401e-b299-f51888edbc31,https://webdata.tudelft.nl/staff-umbrella/digitalcollections/library/kaartenkamer/waterstaatskaart/5e/geogegevens/05-Harlingen-Oost-1.jpg,,waterstaatskaart,5,,,,-1,681,,
Image,184,32,0a07de25-32d6-46a6-ac6a-5a7847120aa5,https://webdata.tudelft.nl/staff-umbrella/digitalcollections/library/kaartenkamer/waterstaatskaart/5e/geogegevens/05-Harlingen-Oost-2.jpg,,waterstaatskaart,5,,,,-1,682,,
Image,185,32,b5bf4ff3-597b-4bb6-999a-de83b170082a,https://webdata.tudelft.nl/staff-umbrella/digitalcollections/library/kaartenkamer/waterstaatskaart/5e/geogegevens/05-Harlingen-Oost-3.jpg,,waterstaatskaart,5,,,,-1,683,,
Image,186,32,72f8150e-b88e-4d3b-984f-3ded7eb526be,https://webdata.tudelft.nl/staff-umbrella/digitalcollections/library/kaartenkamer/waterstaatskaart/5e/geogegevens/05-Harlingen-West-1.jpg,,waterstaatskaart,5,,,,-1,684,,
Image,187,32,84fbadf9-581a-4478-8c0f-553c6555562a,https://webdata.tudelft.nl/staff-umbrella/digitalcollections/library/kaartenkamer/waterstaatskaart/5e/geogegevens/05-Harlingen-West-2.jpg,,waterstaatskaart,5,,,,-1,685,,
Image,188,32,e2d33162-ecf2-465d-b8e8-7f180532d348,https://webdata.tudelft.nl/staff-umbrella/digitalcollections/library/kaartenkamer/waterstaatskaart/5e/geogegevens/06-Leeuwarden-Oost-1.jpg,,waterstaatskaart,5,,,,-1,686,,
Image,189,32,cf5d6064-b714-489e-a3bd-15ce6c2ddb95,https://webdata.tudelft.nl/staff-umbrella/digitalcollections/library/kaartenkamer/waterstaatskaart/5e/geogegevens/06-Leeuwarden-Oost-2.jpg,,waterstaatskaart,5,,,,-1,687,,
Image,190,32,9781e24d-03aa-4b4a-95d2-4619647a8d6a,https://webdata.tudelft.nl/staff-umbrella/digitalcollections/library/kaartenkamer/waterstaatskaart/5e/geogegevens/06-Leeuwarden-Oost-3.jpg,,waterstaatskaart,5,,,,-1,688,,
Image,191,32,195b37c3-051c-4d69-b7b6-163fb015f26d,https://webdata.tudelft.nl/staff-umbrella/digitalcollections/library/kaartenkamer/waterstaatskaart/5e/geogegevens/06-Leeuwarden-West-1.jpg,,waterstaatskaart,5,,,,-1,689,,
Image,192,32,7a606e79-01ea-4c96-bc1b-107787f018e5,https://webdata.tudelft.nl/staff-umbrella/digitalcollections/library/kaartenkamer/waterstaatskaart/5e/geogegevens/06-Leeuwarden-West-2.jpg,,waterstaatskaart,5,,,,-1,690,,
Image,193,32,9dd2b2e4-a719-4e19-99cb-5c1f4fcc8b50,https://webdata.tudelft.nl/staff-umbrella/digitalcollections/library/kaartenkamer/waterstaatskaart/5e/geogegevens/06-Leeuwarden-West-3.jpg,,waterstaatskaart,5,,,,-1,691,,
Image,194,32,0c145644-ba7c-4204-95ea-2b2332a61b60,https://webdata.tudelft.nl/staff-umbrella/digitalcollections/library/kaartenkamer/waterstaatskaart/5e/geogegevens/07-Groningen-Oost-1.jpg,,waterstaatskaart,5,,,,-1,692,,
Image,195,32,fb3db44b-696f-4cf8-b538-66fdf10863d2,https://webdata.tudelft.nl/staff-umbrella/digitalcollections/library/kaartenkamer/waterstaatskaart/5e/geogegevens/07-Groningen-Oost-2.jpg,,waterstaatskaart,5,,,,-1,693,,
Image,196,32,6f738828-bd78-4535-8dac-80cdfca3f66f,https://webdata.tudelft.nl/staff-umbrella/digitalcollections/library/kaartenkamer/waterstaatskaart/5e/geogegevens/07-Groningen-Oost-3.jpg,,waterstaatskaart,5,,,,-1,694,,
Image,197,32,2650b8e1-87c7-4d37-8c5c-8ab3bfb14e4f,https://webdata.tudelft.nl/staff-umbrella/digitalcollections/library/kaartenkamer/waterstaatskaart/5e/geogegevens/07-Groningen-West-1.jpg,,waterstaatskaart,5,,,,-1,695,,
Image,198,32,32eb6925-2fd8-48cc-80f8-afb1a1d728b4,https://webdata.tudelft.nl/staff-umbrella/digitalcollections/library/kaartenkamer/waterstaatskaart/5e/geogegevens/07-Groningen-West-2.jpg,,waterstaatskaart,5,,,,-1,696,,
Image,199,32,330c2e45-e67a-4aa1-88f4-05341fc65e34,https://webdata.tudelft.nl/staff-umbrella/digitalcollections/library/kaartenkamer/waterstaatskaart/5e/geogegevens/07-Groningen-West-3.jpg,,waterstaatskaart,5,,,,-1,697,,
Image,200,32,fb52b08d-663b-4a06-b82a-adb32dd01397,https://webdata.tudelft.nl/staff-umbrella/digitalcollections/library/kaartenkamer/waterstaatskaart/5e/geogegevens/08-Nieuweschans-1.jpg,,waterstaatskaart,5,,,,-1,698,,
Image,201,32,6712bcaa-6793-4524-acdc-d4a34ded5689,https://webdata.tudelft.nl/staff-umbrella/digitalcollections/library/kaartenkamer/waterstaatskaart/5e/geogegevens/08-Nieuweschans-2.jpg,,waterstaatskaart,5,,,,-1,699,,
Image,202,32,70fb2f2a-22b8-4a1b-a341-8662a311d547,https://webdata.tudelft.nl/staff-umbrella/digitalcollections/library/kaartenkamer/waterstaatskaart/5e/geogegevens/08-Nieuweschans-3.jpg,,waterstaatskaart,5,,,,-1,700,,
Image,203,32,1c009fec-de23-4c81-b74a-61db8bce3214,https://webdata.tudelft.nl/staff-umbrella/digitalcollections/library/kaartenkamer/waterstaatskaart/5e/geogegevens/09-Den-Helder-1.jpg,,waterstaatskaart,5,,,,-1,701,,
Image,204,32,c9da2af9-20e3-48d2-bdf7-e4d3069b7b54,https://webdata.tudelft.nl/staff-umbrella/digitalcollections/library/kaartenkamer/waterstaatskaart/5e/geogegevens/09-Den-Helder-2.jpg,,waterstaatskaart,5,,,,-1,702,,
Image,205,32,13d11685-da0c-49a8-b200-1e77ec823d3b,https://webdata.tudelft.nl/staff-umbrella/digitalcollections/library/kaartenkamer/waterstaatskaart/5e/geogegevens/10-Sneek-Oost-1.jpg,,waterstaatskaart,5,,,,-1,703,,
Image,206,32,742cac9a-2e5c-4017-91ee-73247233e534,https://webdata.tudelft.nl/staff-umbrella/digitalcollections/library/kaartenkamer/waterstaatskaart/5e/geogegevens/10-Sneek-Oost-2.jpg,,waterstaatskaart,5,,,,-1,704,,
Image,207,32,0b49083e-db47-4d0c-81db-77dec6d184c0,https://webdata.tudelft.nl/staff-umbrella/digitalcollections/library/kaartenkamer/waterstaatskaart/5e/geogegevens/10-Sneek-West-1.jpg,,waterstaatskaart,5,,,,-1,705,,
Image,208,32,edb08722-b214-4726-96b9-f0318f71106e,https://webdata.tudelft.nl/staff-umbrella/digitalcollections/library/kaartenkamer/waterstaatskaart/5e/geogegevens/10-Sneek-West-2.jpg,,waterstaatskaart,5,,,,-1,706,,
Image,209,32,5111f1d6-463c-4fd1-b1a1-94d34bf0a053,https://webdata.tudelft.nl/staff-umbrella/digitalcollections/library/kaartenkamer/waterstaatskaart/5e/geogegevens/10-Sneek-West-3.jpg,,waterstaatskaart,5,,,,-1,707,,
Image,210,32,9347e86a-a636-43f2-97c3-ad202e3f47ab,https://webdata.tudelft.nl/staff-umbrella/digitalcollections/library/kaartenkamer/waterstaatskaart/5e/geogegevens/11-Heerenveen-Oost-1.jpg,,waterstaatskaart,5,,,,-1,708,,
Image,211,32,a1488555-fae9-4ed2-8c11-57c0b98d3de2,https://webdata.tudelft.nl/staff-umbrella/digitalcollections/library/kaartenkamer/waterstaatskaart/5e/geogegevens/11-Heerenveen-Oost-2.jpg,,waterstaatskaart,5,,,,-1,709,,
Image,212,32,f39be3d0-e32a-478e-ad18-5b2513041f5d,https://webdata.tudelft.nl/staff-umbrella/digitalcollections/library/kaartenkamer/waterstaatskaart/5e/geogegevens/11-Heerenveen-Oost-3.jpg,,waterstaatskaart,5,,,,-1,710,,
Image,213,32,3b65b917-b1eb-4594-b17e-3703ffb88fc2,https://webdata.tudelft.nl/staff-umbrella/digitalcollections/library/kaartenkamer/waterstaatskaart/5e/geogegevens/11-Heerenveen-West-1.jpg,,waterstaatskaart,5,,,,-1,711,,
Image,214,32,9651d8c7-a0b1-4bed-8814-43340508c831,https://webdata.tudelft.nl/staff-umbrella/digitalcollections/library/kaartenkamer/waterstaatskaart/5e/geogegevens/11-Heerenveen-West-2.jpg,,waterstaatskaart,5,,,,-1,712,,
Image,215,32,3824d93c-67a3-4f49-8440-4c30adfcbf45,https://webdata.tudelft.nl/staff-umbrella/digitalcollections/library/kaartenkamer/waterstaatskaart/5e/geogegevens/11-Heerenveen-West-3.jpg,,waterstaatskaart,5,,,,-1,713,,
Image,216,32,63cab6af-b0a1-46ea-8724-fd4b90853e2a,https://webdata.tudelft.nl/staff-umbrella/digitalcollections/library/kaartenkamer/waterstaatskaart/5e/geogegevens/12-Assen-Oost-1.jpg,,waterstaatskaart,5,,,,-1,714,,
Image,217,32,64e8d67d-7d70-4394-957e-f6a9c3f1dc52,https://webdata.tudelft.nl/staff-umbrella/digitalcollections/library/kaartenkamer/waterstaatskaart/5e/geogegevens/12-Assen-Oost-2.jpg,,waterstaatskaart,5,,,,-1,715,,
Image,218,32,a50fd358-b2d9-4828-b75d-ff2494f9fdaf,https://webdata.tudelft.nl/staff-umbrella/digitalcollections/library/kaartenkamer/waterstaatskaart/5e/geogegevens/12-Assen-Oost-3.jpg,,waterstaatskaart,5,,,,-1,716,,
Image,219,32,727aff1b-7a62-4734-99d5-edd66ee2dad0,https://webdata.tudelft.nl/staff-umbrella/digitalcollections/library/kaartenkamer/waterstaatskaart/5e/geogegevens/12-Assen-West-1.jpg,,waterstaatskaart,5,,,,-1,717,,
Image,220,32,ac4f35b9-2c61-4323-ac3b-1e48ba821491,https://webdata.tudelft.nl/staff-umbrella/digitalcollections/library/kaartenkamer/waterstaatskaart/5e/geogegevens/12-Assen-West-2.jpg,,waterstaatskaart,5,,,,-1,718,,
Image,221,32,c43eee60-271a-41f5-82f2-c705872c67d9,https://webdata.tudelft.nl/staff-umbrella/digitalcollections/library/kaartenkamer/waterstaatskaart/5e/geogegevens/12-Assen-West-3.jpg,,waterstaatskaart,5,,,,-1,719,,
Image,222,32,95f50fd3-1922-4074-9b41-71f59a10277c,https://webdata.tudelft.nl/staff-umbrella/digitalcollections/library/kaartenkamer/waterstaatskaart/5e/geogegevens/13-Winschoten-1.jpg,,waterstaatskaart,5,,,,-1,720,,
Image,223,32,b233d4f9-49f2-4c4c-8043-524eace17d42,https://webdata.tudelft.nl/staff-umbrella/digitalcollections/library/kaartenkamer/waterstaatskaart/5e/geogegevens/13-Winschoten-2.jpg,,waterstaatskaart,5,,,,-1,721,,
Image,224,32,46648ac8-68a3-4533-8cb1-a481dfabb859,https://webdata.tudelft.nl/staff-umbrella/digitalcollections/library/kaartenkamer/waterstaatskaart/5e/geogegevens/13-Winschoten-3.jpg,,waterstaatskaart,5,,,,-1,722,,
Image,225,32,0d739318-22fb-4a8c-ab36-730833e27c26,https://webdata.tudelft.nl/staff-umbrella/digitalcollections/library/kaartenkamer/waterstaatskaart/5e/geogegevens/14-Medemblik-Oost-1.jpg,,waterstaatskaart,5,,,,-1,723,,
Image,226,32,f912cf88-164d-4fd4-8e84-23722ea3c288,https://webdata.tudelft.nl/staff-umbrella/digitalcollections/library/kaartenkamer/waterstaatskaart/5e/geogegevens/14-Medemblik-Oost-2.jpg,,waterstaatskaart,5,,,,-1,724,,
Image,227,32,9d29c876-6fa4-4141-addc-f8aff5d0c993,https://webdata.tudelft.nl/staff-umbrella/digitalcollections/library/kaartenkamer/waterstaatskaart/5e/geogegevens/14-Medemblik-Oost-3.jpg,,waterstaatskaart,5,,,,-1,725,,
Image,228,32,01f87542-880c-44a9-bde6-dfee6ac8b03d,https://webdata.tudelft.nl/staff-umbrella/digitalcollections/library/kaartenkamer/waterstaatskaart/5e/geogegevens/14-Medemblik-West-1.jpg,,waterstaatskaart,5,,,,-1,726,,
Image,229,32,07417804-f4b2-402b-8d12-9aeadfe30e07,https://webdata.tudelft.nl/staff-umbrella/digitalcollections/library/kaartenkamer/waterstaatskaart/5e/geogegevens/14-Medemblik-West-2.jpg,,waterstaatskaart,5,,,,-1,727,,
Image,230,32,6729537e-6d0f-4d39-af29-57cafae5c993,https://webdata.tudelft.nl/staff-umbrella/digitalcollections/library/kaartenkamer/waterstaatskaart/5e/geogegevens/14-Medemblik-West-3.jpg,,waterstaatskaart,5,,,,-1,728,,
Image,231,32,a4ebe78d-a0d4-4b55-a4d0-1e5a22584836,https://webdata.tudelft.nl/staff-umbrella/digitalcollections/library/kaartenkamer/waterstaatskaart/5e/geogegevens/15-Staveren-Oost.jpg,,waterstaatskaart,5,,,,-1,729,,
Image,232,32,03c9036e-f705-4984-8116-a2afe2130951,https://webdata.tudelft.nl/staff-umbrella/digitalcollections/library/kaartenkamer/waterstaatskaart/5e/geogegevens/15-Staveren-West-1.jpg,,waterstaatskaart,5,,,,-1,730,,
Image,233,32,a436ae71-e496-4229-af5c-aab6f4f0746f,https://webdata.tudelft.nl/staff-umbrella/digitalcollections/library/kaartenkamer/waterstaatskaart/5e/geogegevens/15-Staveren-West-2.jpg,,waterstaatskaart,5,,,,-1,731,,
Image,234,32,db9d46e5-0e55-49b3-82d6-b914b2139055,https://webdata.tudelft.nl/staff-umbrella/digitalcollections/library/kaartenkamer/waterstaatskaart/5e/geogegevens/15-Staveren-West-3.jpg,,waterstaatskaart,5,,,,-1,732,,
Image,235,32,0032694e-48ae-4252-a9c5-6321e15c9ce5,https://webdata.tudelft.nl/staff-umbrella/digitalcollections/library/kaartenkamer/waterstaatskaart/5e/geogegevens/16-Steenwijk-Oost-1.jpg,,waterstaatskaart,5,,,,-1,733,,
Image,236,32,afcb4b81-cad1-4dbb-8d0c-f827c23bdf25,https://webdata.tudelft.nl/staff-umbrella/digitalcollections/library/kaartenkamer/waterstaatskaart/5e/geogegevens/16-Steenwijk-Oost-2.jpg,,waterstaatskaart,5,,,,-1,734,,
Image,237,32,b6123c84-ca65-4d5d-8b6d-f57ff0aaa31b,https://webdata.tudelft.nl/staff-umbrella/digitalcollections/library/kaartenkamer/waterstaatskaart/5e/geogegevens/16-Steenwijk-West-1.jpg,,waterstaatskaart,5,,,,-1,735,,
Image,238,32,62ac6be0-eb58-4d29-8d7f-94489ef37ff8,https://webdata.tudelft.nl/staff-umbrella/digitalcollections/library/kaartenkamer/waterstaatskaart/5e/geogegevens/16-Steenwijk-West-2.jpg,,waterstaatskaart,5,,,,-1,736,,
Image,239,32,2880505d-6509-48fc-b50a-59b7f344c55d,https://webdata.tudelft.nl/staff-umbrella/digitalcollections/library/kaartenkamer/waterstaatskaart/5e/geogegevens/16-Steenwijk-West-3.jpg,,waterstaatskaart,5,,,,-1,737,,
Image,240,32,08f49a8f-7b94-492c-af6b-ee11dd542291,https://webdata.tudelft.nl/staff-umbrella/digitalcollections/library/kaartenkamer/waterstaatskaart/5e/geogegevens/17-Emmen-Oost-1.jpg,,waterstaatskaart,5,,,,-1,738,,
Image,241,32,ac217171-e7a3-436a-bf4d-f8b999c203cf,https://webdata.tudelft.nl/staff-umbrella/digitalcollections/library/kaartenkamer/waterstaatskaart/5e/geogegevens/17-Emmen-Oost-2.jpg,,waterstaatskaart,5,,,,-1,739,,
Image,242,32,f51d2754-459f-46bb-805d-9104af080f5a,https://webdata.tudelft.nl/staff-umbrella/digitalcollections/library/kaartenkamer/waterstaatskaart/5e/geogegevens/17-Emmen-Oost-3.jpg,,waterstaatskaart,5,,,,-1,740,,
Image,243,32,1b5a467e-b70a-4bd2-92a3-7508523418f0,https://webdata.tudelft.nl/staff-umbrella/digitalcollections/library/kaartenkamer/waterstaatskaart/5e/geogegevens/17-Emmen-West-1.jpg,,waterstaatskaart,5,,,,-1,741,,
Image,244,32,0b407f82-087e-437b-a963-61f7191d3a58,https://webdata.tudelft.nl/staff-umbrella/digitalcollections/library/kaartenkamer/waterstaatskaart/5e/geogegevens/17-Emmen-West-2.jpg,,waterstaatskaart,5,,,,-1,742,,
Image,245,32,018e8cb8-fdff-4aff-9e92-63ec20650f0c,https://webdata.tudelft.nl/staff-umbrella/digitalcollections/library/kaartenkamer/waterstaatskaart/5e/geogegevens/17-Emmen-West-3.jpg,,waterstaatskaart,5,,,,-1,743,,
Image,246,32,fc0e12a6-24ae-4f66-92c3-ff5560c47c18,https://webdata.tudelft.nl/staff-umbrella/digitalcollections/library/kaartenkamer/waterstaatskaart/5e/geogegevens/18-Ter-Apel-1.jpg,,waterstaatskaart,5,,,,-1,744,,
Image,247,32,e5948c58-4e9f-4bec-9281-f90696fb0244,https://webdata.tudelft.nl/staff-umbrella/digitalcollections/library/kaartenkamer/waterstaatskaart/5e/geogegevens/18-Ter-Apel-2.jpg,,waterstaatskaart,5,,,,-1,745,,
Image,248,32,3b64e1d2-7ca1-4074-9410-ede8456d98ef,https://webdata.tudelft.nl/staff-umbrella/digitalcollections/library/kaartenkamer/waterstaatskaart/5e/geogegevens/18-Ter-Apel-3.jpg,,waterstaatskaart,5,,,,-1,746,,
Image,249,32,08ffdc5b-1b94-4897-807e-8aa7df950e8c,https://webdata.tudelft.nl/staff-umbrella/digitalcollections/library/kaartenkamer/waterstaatskaart/5e/geogegevens/19-Alkmaar-Oost-1.jpg,,waterstaatskaart,5,,,,-1,747,,
Image,250,32,141db1fa-89b9-451b-a105-8c6196bd2481,https://webdata.tudelft.nl/staff-umbrella/digitalcollections/library/kaartenkamer/waterstaatskaart/5e/geogegevens/19-Alkmaar-Oost-2.jpg,,waterstaatskaart,5,,,,-1,748,,
Image,251,32,44d1c6d3-b1a3-44c0-99ca-04d1cfb7ffbb,https://webdata.tudelft.nl/staff-umbrella/digitalcollections/library/kaartenkamer/waterstaatskaart/5e/geogegevens/19-Alkmaar-Oost-3.jpg,,waterstaatskaart,5,,,,-1,749,,
Image,252,32,ae48ad41-b2cd-4852-9d1f-fe03a88dab97,https://webdata.tudelft.nl/staff-umbrella/digitalcollections/library/kaartenkamer/waterstaatskaart/5e/geogegevens/19-Alkmaar-West-1.jpg,,waterstaatskaart,5,,,,-1,750,,
Image,253,32,56dbcd6a-3417-4ce0-ae02-ddaa27e95bc4,https://webdata.tudelft.nl/staff-umbrella/digitalcollections/library/kaartenkamer/waterstaatskaart/5e/geogegevens/19-Alkmaar-West-2.jpg,,waterstaatskaart,5,,,,-1,751,,
Image,254,32,2d89cfc4-dc9d-448f-b87e-f8ed6dbd4d0c,https://webdata.tudelft.nl/staff-umbrella/digitalcollections/library/kaartenkamer/waterstaatskaart/5e/geogegevens/19-Alkmaar-West-3.jpg,,waterstaatskaart,5,,,,-1,752,,
Image,255,32,bbe9dcee-6647-4abb-91fd-d3315429b93e,https://webdata.tudelft.nl/staff-umbrella/digitalcollections/library/kaartenkamer/waterstaatskaart/5e/geogegevens/20-Lelystad-1.jpg,,waterstaatskaart,5,,,,-1,753,,
Image,256,32,d6d19a5d-4392-4db3-9f28-040d2f506fc7,https://webdata.tudelft.nl/staff-umbrella/digitalcollections/library/kaartenkamer/waterstaatskaart/5e/geogegevens/20-Lelystad-3.jpg,,waterstaatskaart,5,,,,-1,754,,
Image,257,32,78a4abdb-00a2-4ee3-b590-331a7adc7a5d,https://webdata.tudelft.nl/staff-umbrella/digitalcollections/library/kaartenkamer/waterstaatskaart/5e/geogegevens/21-Zwolle-Oost-1.jpg,,waterstaatskaart,5,,,,-1,755,,
Image,258,32,67151c13-b396-456d-8d0d-c3b7c84f684f,https://webdata.tudelft.nl/staff-umbrella/digitalcollections/library/kaartenkamer/waterstaatskaart/5e/geogegevens/21-Zwolle-Oost-2.jpg,,waterstaatskaart,5,,,,-1,756,,
Image,259,32,9f000e6d-ffc5-4b2f-890b-17f15d5390b3,https://webdata.tudelft.nl/staff-umbrella/digitalcollections/library/kaartenkamer/waterstaatskaart/5e/geogegevens/21-Zwolle-Oost-3.jpg,,waterstaatskaart,5,,,,-1,757,,
Image,260,32,90308377-e5d2-4204-a0ca-990e4e178111,https://webdata.tudelft.nl/staff-umbrella/digitalcollections/library/kaartenkamer/waterstaatskaart/5e/geogegevens/21-Zwolle-West-1.jpg,,waterstaatskaart,5,,,,-1,758,,
Image,261,32,bf1b56fa-24b1-4683-b723-a8af8e18c446,https://webdata.tudelft.nl/staff-umbrella/digitalcollections/library/kaartenkamer/waterstaatskaart/5e/geogegevens/21-Zwolle-West-2.jpg,,waterstaatskaart,5,,,,-1,759,,
Image,262,32,29438fc0-7ed8-4cc1-bf75-037e81afcac6,https://webdata.tudelft.nl/staff-umbrella/digitalcollections/library/kaartenkamer/waterstaatskaart/5e/geogegevens/21-Zwolle-West-3.jpg,,waterstaatskaart,5,,,,-1,760,,
Image,263,32,aff7ec04-7228-4253-b3da-43ac370a669d,https://webdata.tudelft.nl/staff-umbrella/digitalcollections/library/kaartenkamer/waterstaatskaart/5e/geogegevens/22-Coevorden-Oost-1.jpg,,waterstaatskaart,5,,,,-1,761,,
Image,264,32,6a1cdbd2-a491-48c5-a5d7-e0a0e24a8846,https://webdata.tudelft.nl/staff-umbrella/digitalcollections/library/kaartenkamer/waterstaatskaart/5e/geogegevens/22-Coevorden-Oost-2.jpg,,waterstaatskaart,5,,,,-1,762,,
Image,265,32,1157bdef-c580-48f9-85f9-bbb20da5785f,https://webdata.tudelft.nl/staff-umbrella/digitalcollections/library/kaartenkamer/waterstaatskaart/5e/geogegevens/22-Coevorden-Oost-3.jpg,,waterstaatskaart,5,,,,-1,763,,
Image,266,32,592c64fb-bb7a-49f8-b010-52dffcc408f8,https://webdata.tudelft.nl/staff-umbrella/digitalcollections/library/kaartenkamer/waterstaatskaart/5e/geogegevens/22-Coevorden-West-1.jpg,,waterstaatskaart,5,,,,-1,764,,
Image,267,32,272b506c-6d7c-4ab7-8635-c3d2c422c9df,https://webdata.tudelft.nl/staff-umbrella/digitalcollections/library/kaartenkamer/waterstaatskaart/5e/geogegevens/22-Coevorden-West-2.jpg,,waterstaatskaart,5,,,,-1,765,,
Image,268,32,3cd84b3b-9083-4ba6-9010-31b866fac038,https://webdata.tudelft.nl/staff-umbrella/digitalcollections/library/kaartenkamer/waterstaatskaart/5e/geogegevens/22-Coevorden-West-3.jpg,,waterstaatskaart,5,,,,-1,766,,
Image,269,32,203bf8c7-5232-428c-a1a8-df5496dad315,https://webdata.tudelft.nl/staff-umbrella/digitalcollections/library/kaartenkamer/waterstaatskaart/5e/geogegevens/23-Nieuw-Schoonebeek-1.jpg,,waterstaatskaart,5,,,,-1,767,,
Image,270,32,6f94c144-938e-450e-b9d3-f9be9c070635,https://webdata.tudelft.nl/staff-umbrella/digitalcollections/library/kaartenkamer/waterstaatskaart/5e/geogegevens/23-Nieuw-Schoonebeek-2.jpg,,waterstaatskaart,5,,,,-1,768,,
Image,271,32,a6247124-9706-476e-ab4a-ad364676a773,https://webdata.tudelft.nl/staff-umbrella/digitalcollections/library/kaartenkamer/waterstaatskaart/5e/geogegevens/23-Nieuw-Schoonebeek-3.jpg,,waterstaatskaart,5,,,,-1,769,,
Image,272,32,f1f450e0-a55b-445f-ad64-77c090ef2736,https://webdata.tudelft.nl/staff-umbrella/digitalcollections/library/kaartenkamer/waterstaatskaart/5e/geogegevens/25-Amsterdam-Oost-1.jpg,,waterstaatskaart,5,,,,-1,770,,
Image,273,32,cbdcde61-84d0-4cc2-b1c1-f7684eba9af9,https://webdata.tudelft.nl/staff-umbrella/digitalcollections/library/kaartenkamer/waterstaatskaart/5e/geogegevens/25-Amsterdam-Oost-2.jpg,,waterstaatskaart,5,,,,-1,771,,
Image,274,32,14fe7899-b783-4450-91b0-16cdcf25d417,https://webdata.tudelft.nl/staff-umbrella/digitalcollections/library/kaartenkamer/waterstaatskaart/5e/geogegevens/25-Amsterdam-Oost-3.jpg,,waterstaatskaart,5,,,,-1,772,,
Image,275,32,f4238a16-cce1-4cc3-a47b-3e55c2334b94,https://webdata.tudelft.nl/staff-umbrella/digitalcollections/library/kaartenkamer/waterstaatskaart/5e/geogegevens/25-Amsterdam-West-1.jpg,,waterstaatskaart,5,,,,-1,773,,
Image,276,32,f8ef4131-c25e-4831-953d-ecd560460779,https://webdata.tudelft.nl/staff-umbrella/digitalcollections/library/kaartenkamer/waterstaatskaart/5e/geogegevens/25-Amsterdam-West-2.jpg,,waterstaatskaart,5,,,,-1,774,,
Image,277,32,ad36862b-5955-43e3-96a6-f3c3ec25af11,https://webdata.tudelft.nl/staff-umbrella/digitalcollections/library/kaartenkamer/waterstaatskaart/5e/geogegevens/25-Amsterdam-West-3.jpg,,waterstaatskaart,5,,,,-1,775,,
Image,278,32,abda88fa-65bc-4193-b41d-8e64ab6cda3f,https://webdata.tudelft.nl/staff-umbrella/digitalcollections/library/kaartenkamer/waterstaatskaart/5e/geogegevens/26-Harderwijk-Oost-1.jpg,,waterstaatskaart,5,,,,-1,776,,
Image,279,32,d12c1345-1ce0-45d6-9d0e-cb206a5dfcf5,https://webdata.tudelft.nl/staff-umbrella/digitalcollections/library/kaartenkamer/waterstaatskaart/5e/geogegevens/26-Harderwijk-Oost-2.jpg,,waterstaatskaart,5,,,,-1,777,,
Image,280,32,ae376b28-dc11-46f3-ab0c-86f849d1c02c,https://webdata.tudelft.nl/staff-umbrella/digitalcollections/library/kaartenkamer/waterstaatskaart/5e/geogegevens/26-Harderwijk-Oost-3.jpg,,waterstaatskaart,5,,,,-1,778,,
Image,281,32,9eb86257-86c0-4c84-84ce-3bca1d2d6a8b,https://webdata.tudelft.nl/staff-umbrella/digitalcollections/library/kaartenkamer/waterstaatskaart/5e/geogegevens/26-Harderwijk-West-1.jpg,,waterstaatskaart,5,,,,-1,779,,
Image,282,32,6dac6003-51ae-4685-8a29-17659d00a123,https://webdata.tudelft.nl/staff-umbrella/digitalcollections/library/kaartenkamer/waterstaatskaart/5e/geogegevens/26-Harderwijk-West-2.jpg,,waterstaatskaart,5,,,,-1,780,,
Image,283,32,741cb2c8-f946-4536-b102-f791924d2482,https://webdata.tudelft.nl/staff-umbrella/digitalcollections/library/kaartenkamer/waterstaatskaart/5e/geogegevens/26-Harderwijk-West-3.jpg,,waterstaatskaart,5,,,,-1,781,,
Image,284,32,a7c97478-3bac-4a2d-8a38-2994be3b9fd5,https://webdata.tudelft.nl/staff-umbrella/digitalcollections/library/kaartenkamer/waterstaatskaart/5e/geogegevens/27-Heerde-Oost-1.jpg,,waterstaatskaart,5,,,,-1,782,,
Image,285,32,1bbb1974-0c7f-4a9a-b95b-cbfa28f5db3b,https://webdata.tudelft.nl/staff-umbrella/digitalcollections/library/kaartenkamer/waterstaatskaart/5e/geogegevens/27-Heerde-Oost-2.jpg,,waterstaatskaart,5,,,,-1,783,,
Image,286,32,18d28b0e-abde-41d5-8185-24ad7f293fc8,https://webdata.tudelft.nl/staff-umbrella/digitalcollections/library/kaartenkamer/waterstaatskaart/5e/geogegevens/27-Heerde-Oost-3.jpg,,waterstaatskaart,5,,,,-1,784,,
Image,287,32,cbcaa2c5-7478-48ba-b17c-23a98f1cb50a,https://webdata.tudelft.nl/staff-umbrella/digitalcollections/library/kaartenkamer/waterstaatskaart/5e/geogegevens/27-Heerde-West-1.jpg,,waterstaatskaart,5,,,,-1,785,,
Image,288,32,af066162-65e9-4af7-a713-4af89e0adbf4,https://webdata.tudelft.nl/staff-umbrella/digitalcollections/library/kaartenkamer/waterstaatskaart/5e/geogegevens/27-Heerde-West-2.jpg,,waterstaatskaart,5,,,,-1,786,,
Image,289,32,6e8b9bf4-ce38-46cf-a317-cc3b89300681,https://webdata.tudelft.nl/staff-umbrella/digitalcollections/library/kaartenkamer/waterstaatskaart/5e/geogegevens/27-Heerde-West-3.jpg,,waterstaatskaart,5,,,,-1,787,,
Image,290,32,d422fa3d-77f7-4f72-ac80-858eff792041,https://webdata.tudelft.nl/staff-umbrella/digitalcollections/library/kaartenkamer/waterstaatskaart/5e/geogegevens/28-Almelo-Oost-1.jpg,,waterstaatskaart,5,,,,-1,788,,
Image,291,32,5d1e2854-a439-45c3-9c6c-bb8945a003cd,https://webdata.tudelft.nl/staff-umbrella/digitalcollections/library/kaartenkamer/waterstaatskaart/5e/geogegevens/28-Almelo-Oost-2.jpg,,waterstaatskaart,5,,,,-1,789,,
Image,292,32,a98f87e4-27b1-4a53-99cf-ba36160671e2,https://webdata.tudelft.nl/staff-umbrella/digitalcollections/library/kaartenkamer/waterstaatskaart/5e/geogegevens/28-Almelo-Oost-3.jpg,,waterstaatskaart,5,,,,-1,790,,
Image,293,32,cc43c3d6-52ad-416f-a45a-e965005d9e7f,https://webdata.tudelft.nl/staff-umbrella/digitalcollections/library/kaartenkamer/waterstaatskaart/5e/geogegevens/28-Almelo-West-1.jpg,,waterstaatskaart,5,,,,-1,791,,
Image,294,32,687e34ca-2c65-466a-8be1-16a8354d5821,https://webdata.tudelft.nl/staff-umbrella/digitalcollections/library/kaartenkamer/waterstaatskaart/5e/geogegevens/28-Almelo-West-2.jpg,,waterstaatskaart,5,,,,-1,792,,
Image,295,32,9315fe5d-400e-4215-9fca-0010e5e165cf,https://webdata.tudelft.nl/staff-umbrella/digitalcollections/library/kaartenkamer/waterstaatskaart/5e/geogegevens/28-Almelo-West-3.jpg,,waterstaatskaart,5,,,,-1,793,,
Image,296,32,4adfc8a7-bec0-4b0c-a31c-a2e43efe689a,https://webdata.tudelft.nl/staff-umbrella/digitalcollections/library/kaartenkamer/waterstaatskaart/5e/geogegevens/29-Denekamp-1.jpg,,waterstaatskaart,5,,,,-1,794,,
Image,297,32,1d0b8a4e-4565-40fe-a2e2-eabdfc866f0e,https://webdata.tudelft.nl/staff-umbrella/digitalcollections/library/kaartenkamer/waterstaatskaart/5e/geogegevens/29-Denekamp-2.jpg,,waterstaatskaart,5,,,,-1,795,,
Image,298,32,a8e01613-7370-4911-bfa5-475e5f0dd34e,https://webdata.tudelft.nl/staff-umbrella/digitalcollections/library/kaartenkamer/waterstaatskaart/5e/geogegevens/30-s-Gravenhage-1.jpg,,waterstaatskaart,5,,,,-1,796,,
Image,299,32,66e494bd-43bf-4cd3-91be-3b6f201309dc,https://webdata.tudelft.nl/staff-umbrella/digitalcollections/library/kaartenkamer/waterstaatskaart/5e/geogegevens/30-s-Gravenhage-2.jpg,,waterstaatskaart,5,,,,-1,797,,
Image,300,32,5eff95ab-1158-4246-a90b-2b381fee1164,https://webdata.tudelft.nl/staff-umbrella/digitalcollections/library/kaartenkamer/waterstaatskaart/5e/geogegevens/30-s-Gravenhage-3.jpg,,waterstaatskaart,5,,,,-1,798,,
Image,301,32,cc042ee2-d7b2-4109-acff-c3ac67e2f41e,https://webdata.tudelft.nl/staff-umbrella/digitalcollections/library/kaartenkamer/waterstaatskaart/5e/geogegevens/31-Utrecht-Oost-1.jpg,,waterstaatskaart,5,,,,-1,799,,
Image,302,32,8bab0468-4c5d-49fc-8776-5821cc60f26d,https://webdata.tudelft.nl/staff-umbrella/digitalcollections/library/kaartenkamer/waterstaatskaart/5e/geogegevens/31-Utrecht-Oost-2.jpg,,waterstaatskaart,5,,,,-1,800,,
Image,303,32,774e484f-db82-4794-96de-b3674c598221,https://webdata.tudelft.nl/staff-umbrella/digitalcollections/library/kaartenkamer/waterstaatskaart/5e/geogegevens/31-Utrecht-Oost-3.jpg,,waterstaatskaart,5,,,,-1,801,,
Image,304,32,210a0d74-b47f-4939-9213-b432dac7eb3f,https://webdata.tudelft.nl/staff-umbrella/digitalcollections/library/kaartenkamer/waterstaatskaart/5e/geogegevens/31-Utrecht-West-1.jpg,,waterstaatskaart,5,,,,-1,802,,
Image,305,32,9ef1a7e1-f442-4f16-a913-97317dfa6605,https://webdata.tudelft.nl/staff-umbrella/digitalcollections/library/kaartenkamer/waterstaatskaart/5e/geogegevens/31-Utrecht-West-2.jpg,,waterstaatskaart,5,,,,-1,803,,
Image,306,32,5a8c518b-129c-460a-bb3e-faacaf38378d,https://webdata.tudelft.nl/staff-umbrella/digitalcollections/library/kaartenkamer/waterstaatskaart/5e/geogegevens/31-Utrecht-West-3.jpg,,waterstaatskaart,5,,,,-1,804,,
Image,307,32,ef11654b-db7b-4cf7-96c1-c5fc09e3f92e,https://webdata.tudelft.nl/staff-umbrella/digitalcollections/library/kaartenkamer/waterstaatskaart/5e/geogegevens/32-Amersfoort-Oost-1.jpg,,waterstaatskaart,5,,,,-1,805,,
Image,308,32,a9c74f6c-0883-491f-93b7-5659d5fce139,https://webdata.tudelft.nl/staff-umbrella/digitalcollections/library/kaartenkamer/waterstaatskaart/5e/geogegevens/32-Amersfoort-Oost-2.jpg,,waterstaatskaart,5,,,,-1,806,,
Image,309,32,e7182394-d35b-48fc-8f5c-9c892513bb3e,https://webdata.tudelft.nl/staff-umbrella/digitalcollections/library/kaartenkamer/waterstaatskaart/5e/geogegevens/32-Amersfoort-West-1.jpg,,waterstaatskaart,5,,,,-1,807,,
Image,310,32,f0734991-1ad5-412d-91a0-23b339f70e02,https://webdata.tudelft.nl/staff-umbrella/digitalcollections/library/kaartenkamer/waterstaatskaart/5e/geogegevens/32-Amersfoort-West-2.jpg,,waterstaatskaart,5,,,,-1,808,,
Image,311,32,4ff9ee77-94b3-4521-927d-3a8e6ce50024,https://webdata.tudelft.nl/staff-umbrella/digitalcollections/library/kaartenkamer/waterstaatskaart/5e/geogegevens/32-Amersfoort-West-3.jpg,,waterstaatskaart,5,,,,-1,809,,
Image,312,32,4178b9a9-3ced-43c8-89e5-ae6d5c712dbb,https://webdata.tudelft.nl/staff-umbrella/digitalcollections/library/kaartenkamer/waterstaatskaart/5e/geogegevens/33-Apeldoorn-Oost-1.jpg,,waterstaatskaart,5,,,,-1,810,,
Image,313,32,a3c508e2-437e-48ab-b6ec-be83e98c15da,https://webdata.tudelft.nl/staff-umbrella/digitalcollections/library/kaartenkamer/waterstaatskaart/5e/geogegevens/33-Apeldoorn-Oost-2.jpg,,waterstaatskaart,5,,,,-1,811,,
Image,314,32,442953b1-0b0f-4433-b59d-2cfa0919ef3e,https://webdata.tudelft.nl/staff-umbrella/digitalcollections/library/kaartenkamer/waterstaatskaart/5e/geogegevens/33-Apeldoorn-Oost-3.jpg,,waterstaatskaart,5,,,,-1,812,,
Image,315,32,d28e0880-e148-43e9-8b8d-8517abd39aa3,https://webdata.tudelft.nl/staff-umbrella/digitalcollections/library/kaartenkamer/waterstaatskaart/5e/geogegevens/33-Apeldoorn-West-2.jpg,,waterstaatskaart,5,,,,-1,813,,
Image,316,32,a4c6a3f4-d6ae-4d5c-8deb-4275260b60d8,https://webdata.tudelft.nl/staff-umbrella/digitalcollections/library/kaartenkamer/waterstaatskaart/5e/geogegevens/33-Apeldoorn-West-3.jpg,,waterstaatskaart,5,,,,-1,814,,
Image,317,32,c48c730f-b003-48d1-8afa-ce7a172f4f59,https://webdata.tudelft.nl/staff-umbrella/digitalcollections/library/kaartenkamer/waterstaatskaart/5e/geogegevens/34-Enschede-Oost-1.jpg,,waterstaatskaart,5,,,,-1,815,,
Image,318,32,1c94964e-d830-4291-8cae-e11e7a5819a6,https://webdata.tudelft.nl/staff-umbrella/digitalcollections/library/kaartenkamer/waterstaatskaart/5e/geogegevens/34-Enschede-Oost-2.jpg,,waterstaatskaart,5,,,,-1,816,,
Image,319,32,0dc0f730-6771-4c8d-927d-af4391f584f4,https://webdata.tudelft.nl/staff-umbrella/digitalcollections/library/kaartenkamer/waterstaatskaart/5e/geogegevens/34-Enschede-Oost-3.jpg,,waterstaatskaart,5,,,,-1,817,,
Image,320,32,8f408a9b-6555-490a-8983-e3e041da2e5f,https://webdata.tudelft.nl/staff-umbrella/digitalcollections/library/kaartenkamer/waterstaatskaart/5e/geogegevens/34-Enschede-West-1.jpg,,waterstaatskaart,5,,,,-1,818,,
Image,321,32,efcfdb6a-df70-4efe-b932-3f3e280b9774,https://webdata.tudelft.nl/staff-umbrella/digitalcollections/library/kaartenkamer/waterstaatskaart/5e/geogegevens/34-Enschede-West-2.jpg,,waterstaatskaart,5,,,,-1,819,,
Image,322,32,79e214b7-43ed-43dc-9085-85f916268f6e,https://webdata.tudelft.nl/staff-umbrella/digitalcollections/library/kaartenkamer/waterstaatskaart/5e/geogegevens/34-Enschede-West-3.jpg,,waterstaatskaart,5,,,,-1,820,,
Image,323,32,2fa5a7fd-792f-458f-8fb7-493cc154f7a9,https://webdata.tudelft.nl/staff-umbrella/digitalcollections/library/kaartenkamer/waterstaatskaart/5e/geogegevens/37-Rotterdam-Oost-1.jpg,,waterstaatskaart,5,,,,-1,821,,
Image,324,32,cfa57511-b66d-4c7b-bcb0-c803dd0c1cc6,https://webdata.tudelft.nl/staff-umbrella/digitalcollections/library/kaartenkamer/waterstaatskaart/5e/geogegevens/37-Rotterdam-Oost-2.jpg,,waterstaatskaart,5,,,,-1,822,,
Image,325,32,37a9e6f7-e035-4537-b2a8-00a04a680687,https://webdata.tudelft.nl/staff-umbrella/digitalcollections/library/kaartenkamer/waterstaatskaart/5e/geogegevens/37-Rotterdam-Oost-3.jpg,,waterstaatskaart,5,,,,-1,823,,
Image,326,32,f72dda88-c38c-4fb7-8ab6-a512e4d9e4aa,https://webdata.tudelft.nl/staff-umbrella/digitalcollections/library/kaartenkamer/waterstaatskaart/5e/geogegevens/37-Rotterdam-Oost-1985.jpg,,waterstaatskaart,5,,,,-1,824,,
Image,327,32,f566be1e-0f9d-4778-876a-6a7ec3f73e7b,https://webdata.tudelft.nl/staff-umbrella/digitalcollections/library/kaartenkamer/waterstaatskaart/5e/geogegevens/37-Rotterdam-West-1.jpg,,waterstaatskaart,5,,,,-1,825,,
Image,328,32,84ce99d1-fc2f-4e14-9229-6f5345928180,https://webdata.tudelft.nl/staff-umbrella/digitalcollections/library/kaartenkamer/waterstaatskaart/5e/geogegevens/37-Rotterdam-West-2.jpg,,waterstaatskaart,5,,,,-1,826,,
Image,329,32,7f5ca245-1216-4078-85be-f0d646ff912e,https://webdata.tudelft.nl/staff-umbrella/digitalcollections/library/kaartenkamer/waterstaatskaart/5e/geogegevens/37-Rotterdam-West-3.jpg,,waterstaatskaart,5,,,,-1,827,,
Image,330,32,4529d2af-d8a2-4826-9ff3-0cfb1194613f,https://webdata.tudelft.nl/staff-umbrella/digitalcollections/library/kaartenkamer/waterstaatskaart/5e/geogegevens/38-Gorinchem-Oost-1.jpg,,waterstaatskaart,5,,,,-1,828,,
Image,331,32,9a5a6491-3a18-4312-a96f-eccbba674c5b,https://webdata.tudelft.nl/staff-umbrella/digitalcollections/library/kaartenkamer/waterstaatskaart/5e/geogegevens/38-Gorinchem-Oost-2.jpg,,waterstaatskaart,5,,,,-1,829,,
Image,332,32,237581a8-c043-4c3e-b8ff-810ed031a579,https://webdata.tudelft.nl/staff-umbrella/digitalcollections/library/kaartenkamer/waterstaatskaart/5e/geogegevens/38-Gorinchem-Oost-3.jpg,,waterstaatskaart,5,,,,-1,830,,
Image,333,32,69e25195-1126-41eb-b693-dd7bc29b32ad,https://webdata.tudelft.nl/staff-umbrella/digitalcollections/library/kaartenkamer/waterstaatskaart/5e/geogegevens/38-Gorinchem-West-1.jpg,,waterstaatskaart,5,,,,-1,831,,
Image,334,32,c487a351-a05d-46d9-a2ad-69c94ec550b4,https://webdata.tudelft.nl/staff-umbrella/digitalcollections/library/kaartenkamer/waterstaatskaart/5e/geogegevens/38-Gorinchem-West-2.jpg,,waterstaatskaart,5,,,,-1,832,,
Image,335,32,f0062779-02fd-4528-a72f-8025b6f662d5,https://webdata.tudelft.nl/staff-umbrella/digitalcollections/library/kaartenkamer/waterstaatskaart/5e/geogegevens/38-Gorinchem-West-3.jpg,,waterstaatskaart,5,,,,-1,833,,
Image,336,32,9a79e216-e2c8-464c-942e-86bdaa10a1da,https://webdata.tudelft.nl/staff-umbrella/digitalcollections/library/kaartenkamer/waterstaatskaart/5e/geogegevens/39-Tiel-Oost-2.jpg,,waterstaatskaart,5,,,,-1,834,,
Image,337,32,bd40d560-650b-4fa4-8eb3-8989416aa483,https://webdata.tudelft.nl/staff-umbrella/digitalcollections/library/kaartenkamer/waterstaatskaart/5e/geogegevens/39-Tiel-Oost-3.jpg,,waterstaatskaart,5,,,,-1,835,,
Image,338,32,0b807dc7-8876-4c22-ab73-f560f6197132,https://webdata.tudelft.nl/staff-umbrella/digitalcollections/library/kaartenkamer/waterstaatskaart/5e/geogegevens/39-Tiel-West-1.jpg,,waterstaatskaart,5,,,,-1,836,,
Image,339,32,74ee3ee3-6ff3-4343-b65d-4209afded200,https://webdata.tudelft.nl/staff-umbrella/digitalcollections/library/kaartenkamer/waterstaatskaart/5e/geogegevens/39-Tiel-West-2.jpg,,waterstaatskaart,5,,,,-1,837,,
Image,340,32,a82b5eea-2707-4e35-acf2-849affa56b20,https://webdata.tudelft.nl/staff-umbrella/digitalcollections/library/kaartenkamer/waterstaatskaart/5e/geogegevens/39-Tiel-West-3.jpg,,waterstaatskaart,5,,,,-1,838,,
Image,341,32,299b9aa9-f660-4c72-8a09-8794dacadbf3,https://webdata.tudelft.nl/staff-umbrella/digitalcollections/library/kaartenkamer/waterstaatskaart/5e/geogegevens/40-Arnhem-Oost-1.jpg,,waterstaatskaart,5,,,,-1,839,,
Image,342,32,a2378621-6539-451f-b5e5-faa9b84f9e5c,https://webdata.tudelft.nl/staff-umbrella/digitalcollections/library/kaartenkamer/waterstaatskaart/5e/geogegevens/40-Arnhem-Oost-2.jpg,,waterstaatskaart,5,,,,-1,840,,
Image,343,32,c9440948-b0a3-4a66-ae8a-456f25d39738,https://webdata.tudelft.nl/staff-umbrella/digitalcollections/library/kaartenkamer/waterstaatskaart/5e/geogegevens/40-Arnhem-Oost-3.jpg,,waterstaatskaart,5,,,,-1,841,,
Image,344,32,d4d36ed2-c244-41a1-af01-5db4f8c9bc1e,https://webdata.tudelft.nl/staff-umbrella/digitalcollections/library/kaartenkamer/waterstaatskaart/5e/geogegevens/40-Arnhem-West-1.jpg,,waterstaatskaart,5,,,,-1,842,,
Image,345,32,8292d7f9-547a-42a7-85ca-50fa4ac16124,https://webdata.tudelft.nl/staff-umbrella/digitalcollections/library/kaartenkamer/waterstaatskaart/5e/geogegevens/40-Arnhem-West-2.jpg,,waterstaatskaart,5,,,,-1,843,,
Image,346,32,a136378b-2b3f-4e8c-a479-ed5f7b50b9df,https://webdata.tudelft.nl/staff-umbrella/digitalcollections/library/kaartenkamer/waterstaatskaart/5e/geogegevens/40-Arnhem-West-3.jpg,,waterstaatskaart,5,,,,-1,844,,
Image,347,32,ba6943ba-bb24-4edb-9b2b-55cd621e65f9,https://webdata.tudelft.nl/staff-umbrella/digitalcollections/library/kaartenkamer/waterstaatskaart/5e/geogegevens/41-Aalten-Oost-1.jpg,,waterstaatskaart,5,,,,-1,845,,
Image,348,32,011e8a21-1fe0-44af-9099-584341976bc2,https://webdata.tudelft.nl/staff-umbrella/digitalcollections/library/kaartenkamer/waterstaatskaart/5e/geogegevens/41-Aalten-Oost-2.jpg,,waterstaatskaart,5,,,,-1,846,,
Image,349,32,652933cd-41b4-4033-82c1-d0c42a83213f,https://webdata.tudelft.nl/staff-umbrella/digitalcollections/library/kaartenkamer/waterstaatskaart/5e/geogegevens/41-Aalten-West-1.jpg,,waterstaatskaart,5,,,,-1,847,,
Image,350,32,f8fef59f-a490-4200-b00d-655266c2b32f,https://webdata.tudelft.nl/staff-umbrella/digitalcollections/library/kaartenkamer/waterstaatskaart/5e/geogegevens/41-Aalten-West-2.jpg,,waterstaatskaart,5,,,,-1,848,,
Image,351,32,573838e4-ffb6-43da-8331-c1904f9eff53,https://webdata.tudelft.nl/staff-umbrella/digitalcollections/library/kaartenkamer/waterstaatskaart/5e/geogegevens/42-Zierikzee-1.jpg,,waterstaatskaart,5,,,,-1,849,,
Image,352,32,877e4182-856b-4a47-bad3-c72c870f0cdc,https://webdata.tudelft.nl/staff-umbrella/digitalcollections/library/kaartenkamer/waterstaatskaart/5e/geogegevens/42-Zierikzee-2.jpg,,waterstaatskaart,5,,,,-1,850,,
Image,353,32,00067512-84cf-4806-a63e-3cf3c45a017f,https://webdata.tudelft.nl/staff-umbrella/digitalcollections/library/kaartenkamer/waterstaatskaart/5e/geogegevens/43-Willemstad-Oost-1.jpg,,waterstaatskaart,5,,,,-1,851,,
Image,354,32,50b25c7d-8caa-477f-85f3-b3e00bac3a28,https://webdata.tudelft.nl/staff-umbrella/digitalcollections/library/kaartenkamer/waterstaatskaart/5e/geogegevens/43-Willemstad-Oost-2.jpg,,waterstaatskaart,5,,,,-1,852,,
Image,355,32,eea23721-f136-4e53-8cef-7d25e212f8bf,https://webdata.tudelft.nl/staff-umbrella/digitalcollections/library/kaartenkamer/waterstaatskaart/5e/geogegevens/43-Willemstad-West-1.jpg,,waterstaatskaart,5,,,,-1,853,,
Image,356,32,7b805625-7f53-404b-8b19-42451ae75c55,https://webdata.tudelft.nl/staff-umbrella/digitalcollections/library/kaartenkamer/waterstaatskaart/5e/geogegevens/43-Willemstad-West-2.jpg,,waterstaatskaart,5,,,,-1,854,,
Image,357,32,37e66b7b-e89c-4aed-bcc4-429e31cce55d,https://webdata.tudelft.nl/staff-umbrella/digitalcollections/library/kaartenkamer/waterstaatskaart/5e/geogegevens/43-Willemstad-West-3a.jpg,,waterstaatskaart,5,,,,-1,855,,
Image,358,32,3f05aec3-487b-488b-a635-78f1a1d6edee,https://webdata.tudelft.nl/staff-umbrella/digitalcollections/library/kaartenkamer/waterstaatskaart/5e/geogegevens/43-Willemstad-West-3b.jpg,,waterstaatskaart,5,,,,-1,856,,
Image,359,32,125b6e16-6674-478b-a023-d2d833554209,https://webdata.tudelft.nl/staff-umbrella/digitalcollections/library/kaartenkamer/waterstaatskaart/5e/geogegevens/44-Oosterhout-Oost-1.jpg,,waterstaatskaart,5,,,,-1,857,,
Image,360,32,8373d0cf-d4b2-4635-b105-1e1593109e4c,https://webdata.tudelft.nl/staff-umbrella/digitalcollections/library/kaartenkamer/waterstaatskaart/5e/geogegevens/44-Oosterhout-Oost-2.jpg,,waterstaatskaart,5,,,,-1,858,,
Image,361,32,7b8ef8bf-55c9-40bd-b1e0-7735722c72a7,https://webdata.tudelft.nl/staff-umbrella/digitalcollections/library/kaartenkamer/waterstaatskaart/5e/geogegevens/44-Oosterhout-Oost-3.jpg,,waterstaatskaart,5,,,,-1,859,,
Image,362,32,9ad8b918-c541-4a48-a7ac-d66029b1a762,https://webdata.tudelft.nl/staff-umbrella/digitalcollections/library/kaartenkamer/waterstaatskaart/5e/geogegevens/44-Oosterhout-West-1.jpg,,waterstaatskaart,5,,,,-1,860,,
Image,363,32,ae0c83f3-3be1-41ec-9478-59ef7b0b5300,https://webdata.tudelft.nl/staff-umbrella/digitalcollections/library/kaartenkamer/waterstaatskaart/5e/geogegevens/44-Oosterhout-West-2.jpg,,waterstaatskaart,5,,,,-1,861,,
Image,364,32,5acf0d37-cf5d-4d55-aa16-69e08dc22d34,https://webdata.tudelft.nl/staff-umbrella/digitalcollections/library/kaartenkamer/waterstaatskaart/5e/geogegevens/44-Oosterhout-West-3.jpg,,waterstaatskaart,5,,,,-1,862,,
Image,365,32,e1ea7858-f908-4a66-9f22-778d95211b2a,https://webdata.tudelft.nl/staff-umbrella/digitalcollections/library/kaartenkamer/waterstaatskaart/5e/geogegevens/45-s-Hertogenbosch-Oost-1.jpg,,waterstaatskaart,5,,,,-1,863,,
Image,366,32,785a5781-f257-4f43-b810-cbf0ebdf146f,https://webdata.tudelft.nl/staff-umbrella/digitalcollections/library/kaartenkamer/waterstaatskaart/5e/geogegevens/45-s-Hertogenbosch-Oost-2.jpg,,waterstaatskaart,5,,,,-1,864,,
Image,367,32,ece3673b-676e-4cc8-873b-698ca9c5de60,https://webdata.tudelft.nl/staff-umbrella/digitalcollections/library/kaartenkamer/waterstaatskaart/5e/geogegevens/45-s-Hertogenbosch-Oost-3.jpg,,waterstaatskaart,5,,,,-1,865,,
Image,368,32,2efa9aca-7243-4a12-aac4-c492d856d74b,https://webdata.tudelft.nl/staff-umbrella/digitalcollections/library/kaartenkamer/waterstaatskaart/5e/geogegevens/45-s-Hertogenbosch-West-1.jpg,,waterstaatskaart,5,,,,-1,866,,
Image,369,32,90d58016-4a49-4495-9a13-6edeb0123992,https://webdata.tudelft.nl/staff-umbrella/digitalcollections/library/kaartenkamer/waterstaatskaart/5e/geogegevens/45-s-Hertogenbosch-West-2.jpg,,waterstaatskaart,5,,,,-1,867,,
Image,370,32,8822be53-7074-4d67-955f-a317d01111a5,https://webdata.tudelft.nl/staff-umbrella/digitalcollections/library/kaartenkamer/waterstaatskaart/5e/geogegevens/45-s-Hertogenbosch-West-3.jpg,,waterstaatskaart,5,,,,-1,868,,
Image,371,32,531acfb7-9d03-44ec-b3d4-5cfbf093a0a8,https://webdata.tudelft.nl/staff-umbrella/digitalcollections/library/kaartenkamer/waterstaatskaart/5e/geogegevens/46-Gennep-1.jpg,,waterstaatskaart,5,,,,-1,869,,
Image,372,32,f33cac57-5988-42ac-98fd-a30ae5e1b99c,https://webdata.tudelft.nl/staff-umbrella/digitalcollections/library/kaartenkamer/waterstaatskaart/5e/geogegevens/46-Gennep-2.jpg,,waterstaatskaart,5,,,,-1,870,,
Image,373,32,5c435442-79c7-4b00-ac19-03317087e732,https://webdata.tudelft.nl/staff-umbrella/digitalcollections/library/kaartenkamer/waterstaatskaart/5e/geogegevens/46-Gennep-3.jpg,,waterstaatskaart,5,,,,-1,871,,
Image,374,32,50e8be70-396e-4421-b88a-a6a63e513a3e,https://webdata.tudelft.nl/staff-umbrella/digitalcollections/library/kaartenkamer/waterstaatskaart/5e/geogegevens/48-Middelburg-Oost-1.jpg,,waterstaatskaart,5,,,,-1,872,,
Image,375,32,69dd3425-d111-4315-ae2e-b6d0541e3c7c,https://webdata.tudelft.nl/staff-umbrella/digitalcollections/library/kaartenkamer/waterstaatskaart/5e/geogegevens/48-Middelburg-Oost-2.jpg,,waterstaatskaart,5,,,,-1,873,,
Image,376,32,26fa17dc-2939-46fd-8845-b4f067429ecb,https://webdata.tudelft.nl/staff-umbrella/digitalcollections/library/kaartenkamer/waterstaatskaart/5e/geogegevens/48-Middelburg-West-1.jpg,,waterstaatskaart,5,,,,-1,874,,
Image,377,32,f521596a-0757-41c7-9101-086a2cb97611,https://webdata.tudelft.nl/staff-umbrella/digitalcollections/library/kaartenkamer/waterstaatskaart/5e/geogegevens/48-Middelburg-West-2.jpg,,waterstaatskaart,5,,,,-1,875,,
Image,378,32,3b1b1f89-103f-4c75-b756-0199315d2754,https://webdata.tudelft.nl/staff-umbrella/digitalcollections/library/kaartenkamer/waterstaatskaart/5e/geogegevens/49-Bergen-op-Zoom-Oost-1.jpg,,waterstaatskaart,5,,,,-1,876,,
Image,379,32,b13d4077-9243-4927-b22f-0b6458bd3371,https://webdata.tudelft.nl/staff-umbrella/digitalcollections/library/kaartenkamer/waterstaatskaart/5e/geogegevens/49-Bergen-op-Zoom-Oost-2.jpg,,waterstaatskaart,5,,,,-1,877,,
Image,380,32,47dac038-a387-4fb7-a99f-508a90e3d008,https://webdata.tudelft.nl/staff-umbrella/digitalcollections/library/kaartenkamer/waterstaatskaart/5e/geogegevens/49-Bergen-op-Zoom-Oost-3.jpg,,waterstaatskaart,5,,,,-1,878,,
Image,381,32,5e801c97-e84f-4094-b9e4-f08b983d4e88,https://webdata.tudelft.nl/staff-umbrella/digitalcollections/library/kaartenkamer/waterstaatskaart/5e/geogegevens/49-Bergen-op-Zoom-West-1.jpg,,waterstaatskaart,5,,,,-1,879,,
Image,382,32,1337963f-257a-4c9b-99ec-d5471180f097,https://webdata.tudelft.nl/staff-umbrella/digitalcollections/library/kaartenkamer/waterstaatskaart/5e/geogegevens/49-Bergen-op-Zoom-West-2.jpg,,waterstaatskaart,5,,,,-1,880,,
Image,383,32,77a10224-f61a-4f7e-a0de-23564ca2200b,https://webdata.tudelft.nl/staff-umbrella/digitalcollections/library/kaartenkamer/waterstaatskaart/5e/geogegevens/50-Tilburg-Oost-1.jpg,,waterstaatskaart,5,,,,-1,881,,
Image,384,32,22d7c406-747b-42ae-8808-013cc4ed56bf,https://webdata.tudelft.nl/staff-umbrella/digitalcollections/library/kaartenkamer/waterstaatskaart/5e/geogegevens/50-Tilburg-Oost-2.jpg,,waterstaatskaart,5,,,,-1,882,,
Image,385,32,cf5617a4-73d7-4eb8-be03-f634e5c897a9,https://webdata.tudelft.nl/staff-umbrella/digitalcollections/library/kaartenkamer/waterstaatskaart/5e/geogegevens/50-Tilburg-West-1.jpg,,waterstaatskaart,5,,,,-1,883,,
Image,386,32,a7825aca-9977-440a-952b-a62a5cd99d08,https://webdata.tudelft.nl/staff-umbrella/digitalcollections/library/kaartenkamer/waterstaatskaart/5e/geogegevens/50-Tilburg-West-2.jpg,,waterstaatskaart,5,,,,-1,884,,
Image,387,32,7251d174-a4da-4b50-af64-bf75667fc212,https://webdata.tudelft.nl/staff-umbrella/digitalcollections/library/kaartenkamer/waterstaatskaart/5e/geogegevens/51-Eindhoven-Oost-1.jpg,,waterstaatskaart,5,,,,-1,885,,
Image,388,32,ce7ac8f8-c426-4b17-8b93-71d18a0c0631,https://webdata.tudelft.nl/staff-umbrella/digitalcollections/library/kaartenkamer/waterstaatskaart/5e/geogegevens/51-Eindhoven-Oost-2.jpg,,waterstaatskaart,5,,,,-1,886,,
Image,389,32,565b7459-0dbf-4d42-ad92-ab3ca75007d5,https://webdata.tudelft.nl/staff-umbrella/digitalcollections/library/kaartenkamer/waterstaatskaart/5e/geogegevens/51-Eindhoven-Oost-3.jpg,,waterstaatskaart,5,,,,-1,887,,
Image,390,32,0931a9cd-6d1f-47cf-8a2d-004da7472f9a,https://webdata.tudelft.nl/staff-umbrella/digitalcollections/library/kaartenkamer/waterstaatskaart/5e/geogegevens/51-Eindhoven-West-1.jpg,,waterstaatskaart,5,,,,-1,888,,
Image,391,32,14403edc-2ecb-43f8-a56c-eeccbea4e73a,https://webdata.tudelft.nl/staff-umbrella/digitalcollections/library/kaartenkamer/waterstaatskaart/5e/geogegevens/51-Eindhoven-West-2.jpg,,waterstaatskaart,5,,,,-1,889,,
Image,392,32,6d69479b-f36a-4ca5-bfc0-fb4ad33d293e,https://webdata.tudelft.nl/staff-umbrella/digitalcollections/library/kaartenkamer/waterstaatskaart/5e/geogegevens/52-Venlo-Oost-1.jpg,,waterstaatskaart,5,,,,-1,890,,
Image,393,32,1646b278-5822-4e1d-8363-93f10f53e8c8,https://webdata.tudelft.nl/staff-umbrella/digitalcollections/library/kaartenkamer/waterstaatskaart/5e/geogegevens/52-Venlo-Oost-2.jpg,,waterstaatskaart,5,,,,-1,891,,
Image,394,32,b33e139e-251c-4a0b-b8e0-701918adb84a,https://webdata.tudelft.nl/staff-umbrella/digitalcollections/library/kaartenkamer/waterstaatskaart/5e/geogegevens/52-Venlo-West-1.jpg,,waterstaatskaart,5,,,,-1,892,,
Image,395,32,88792f0e-f8ab-4a41-8dde-4782cc2a6ef6,https://webdata.tudelft.nl/staff-umbrella/digitalcollections/library/kaartenkamer/waterstaatskaart/5e/geogegevens/52-Venlo-West-2.jpg,,waterstaatskaart,5,,,,-1,893,,
Image,396,32,3c3a08bf-e7b5-4358-b7ba-bebb15c6f976,https://webdata.tudelft.nl/staff-umbrella/digitalcollections/library/kaartenkamer/waterstaatskaart/5e/geogegevens/52-Venlo-West-3.jpg,,waterstaatskaart,5,,,,-1,894,,
Image,397,32,d1141a12-230c-46da-962a-43f5eaf5cbdb,https://webdata.tudelft.nl/staff-umbrella/digitalcollections/library/kaartenkamer/waterstaatskaart/5e/geogegevens/54-Terneuzen-Oost-1.jpg,,waterstaatskaart,5,,,,-1,895,,
Image,398,32,6b0ba494-3382-4c00-ab1f-012b21d08326,https://webdata.tudelft.nl/staff-umbrella/digitalcollections/library/kaartenkamer/waterstaatskaart/5e/geogegevens/54-Terneuzen-Oost-2.jpg,,waterstaatskaart,5,,,,-1,896,,
Image,399,32,b37d1bba-be33-4005-ad42-a3806b9a1e85,https://webdata.tudelft.nl/staff-umbrella/digitalcollections/library/kaartenkamer/waterstaatskaart/5e/geogegevens/54-Terneuzen-West-1.jpg,,waterstaatskaart,5,,,,-1,897,,
Image,400,32,8e839a62-b8f6-4b0e-b1a7-173aa9e59f18,https://webdata.tudelft.nl/staff-umbrella/digitalcollections/library/kaartenkamer/waterstaatskaart/5e/geogegevens/54-Terneuzen-West-2.jpg,,waterstaatskaart,5,,,,-1,898,,
Image,401,32,090d968f-8342-4b5e-85bc-9bd0d96229a6,https://webdata.tudelft.nl/staff-umbrella/digitalcollections/library/kaartenkamer/waterstaatskaart/5e/geogegevens/55-Hulst-1.jpg,,waterstaatskaart,5,,,,-1,899,,
Image,402,32,b0d5a5c4-5df9-472c-8778-d37fcd48c432,https://webdata.tudelft.nl/staff-umbrella/digitalcollections/library/kaartenkamer/waterstaatskaart/5e/geogegevens/55-Hulst-2.jpg,,waterstaatskaart,5,,,,-1,900,,
Image,403,32,68838aca-ad84-4707-86c8-c53043df8414,https://webdata.tudelft.nl/staff-umbrella/digitalcollections/library/kaartenkamer/waterstaatskaart/5e/geogegevens/57-Valkenswaard-Oost-1.jpg,,waterstaatskaart,5,,,,-1,901,,
Image,404,32,c281cea9-c7a7-445e-af1e-9569c0ba6327,https://webdata.tudelft.nl/staff-umbrella/digitalcollections/library/kaartenkamer/waterstaatskaart/5e/geogegevens/57-Valkenswaard-Oost-2.jpg,,waterstaatskaart,5,,,,-1,902,,
Image,405,32,fbd54e36-8b24-4b79-967f-080da9ffa5c8,https://webdata.tudelft.nl/staff-umbrella/digitalcollections/library/kaartenkamer/waterstaatskaart/5e/geogegevens/57-Valkenswaard-West-1.jpg,,waterstaatskaart,5,,,,-1,903,,
Image,406,32,af50aa63-7eb8-4c1e-b163-489157ebfe53,https://webdata.tudelft.nl/staff-umbrella/digitalcollections/library/kaartenkamer/waterstaatskaart/5e/geogegevens/57-Valkenswaard-West-2.jpg,,waterstaatskaart,5,,,,-1,904,,
Image,407,32,04ada95b-62b9-4665-8494-94c2e000f9e2,https://webdata.tudelft.nl/staff-umbrella/digitalcollections/library/kaartenkamer/waterstaatskaart/5e/geogegevens/58-Roermond-Oost-1.jpg,,waterstaatskaart,5,,,,-1,905,,
Image,408,32,9c339e41-7938-4322-90c1-34f6fff6f076,https://webdata.tudelft.nl/staff-umbrella/digitalcollections/library/kaartenkamer/waterstaatskaart/5e/geogegevens/58-Roermond-Oost-2.jpg,,waterstaatskaart,5,,,,-1,906,,
Image,409,32,354e717a-1d57-45f2-8b25-482348acc236,https://webdata.tudelft.nl/staff-umbrella/digitalcollections/library/kaartenkamer/waterstaatskaart/5e/geogegevens/58-Roermond-West-1.jpg,,waterstaatskaart,5,,,,-1,907,,
Image,410,32,1050b30a-39d1-4286-881c-7a75c6c7a002,https://webdata.tudelft.nl/staff-umbrella/digitalcollections/library/kaartenkamer/waterstaatskaart/5e/geogegevens/58-Roermond-West-2.jpg,,waterstaatskaart,5,,,,-1,908,,
Image,411,32,16beacd4-e313-4441-a58a-d188e4a57de3,https://webdata.tudelft.nl/staff-umbrella/digitalcollections/library/kaartenkamer/waterstaatskaart/5e/geogegevens/60-Sittard-Oost-1.jpg,,waterstaatskaart,5,,,,-1,909,,
Image,412,32,1657a032-39b9-438f-8535-36305bb8a140,https://webdata.tudelft.nl/staff-umbrella/digitalcollections/library/kaartenkamer/waterstaatskaart/5e/geogegevens/60-Sittard-Oost-2.jpg,,waterstaatskaart,5,,,,-1,910,,
Image,413,32,d37f0b52-87a7-481b-a2e4-dadcad095cc4,https://webdata.tudelft.nl/staff-umbrella/digitalcollections/library/kaartenkamer/waterstaatskaart/5e/geogegevens/60-Sittard-West-1.jpg,,waterstaatskaart,5,,,,-1,911,,
Image,414,32,09e94d95-de47-4e85-8992-3d44bb7fc7c3,https://webdata.tudelft.nl/staff-umbrella/digitalcollections/library/kaartenkamer/waterstaatskaart/5e/geogegevens/60-Sittard-West-2.jpg,,waterstaatskaart,5,,,,-1,912,,
Image,415,32,e114c6d4-f2cc-4ea1-9fb1-0a58283fb109,https://webdata.tudelft.nl/staff-umbrella/digitalcollections/library/kaartenkamer/waterstaatskaart/5e/geogegevens/61-Maastricht-1.jpg,,waterstaatskaart,5,,,,-1,913,,
Image,416,32,013f49b5-17ba-4866-8277-eef1c2dfe7ad,https://webdata.tudelft.nl/staff-umbrella/digitalcollections/library/kaartenkamer/waterstaatskaart/5e/geogegevens/61-Maastricht-2.jpg,,waterstaatskaart,5,,,,-1,914,,
Image,417,32,fee39c56-92f5-4ac6-891c-f76525de6a65,https://webdata.tudelft.nl/staff-umbrella/digitalcollections/library/kaartenkamer/waterstaatskaart/5e/geogegevens/62-Heerlen-1.jpg,,waterstaatskaart,5,,,,-1,915,,
Image,418,32,9dd76ff5-4dab-434a-b2b7-ef231616d434,https://webdata.tudelft.nl/staff-umbrella/digitalcollections/library/kaartenkamer/waterstaatskaart/5e/geogegevens/62-Heerlen-2.jpg,,waterstaatskaart,5,,,,-1,916,,